ID Fila,ID Pedido,Fecha Pedido,Fecha Envío,Modo Envío,ID Cliente,Nombre Cliente,Segmento,Ciudad,Provincia,Región,Categoría,Subcategoría,Producto,Cantidad,Descuento,Ventas,Utilidad,Total Pedido
1,AM-2026-0382,2025-10-13,2025-10-18,Estándar,CL-172,Priscila Vera,Consumidor,Guayaquil,Guayas,Costa,Mobiliario,Mesas,Mesa de reuniones 180cm,2,0.0,14.2,4.0,272.82
2,AM-2026-0041,2026-07-18,2026-07-23,Primera Clase,CL-173,Wilson Chila,Corporativo,Guayaquil,,Costa,Tecnología,Teléfonos,Teléfono Nokia C32,4,,216.77,-6.11,294.17
3,AM-2026-0164,2025-10-24,2025-10-26,Segunda Clase,CL-129,Fabián Ortiz,PYME,Quito,Pichincha,Sierra,Tecnología,Teléfonos,Teléfono Nokia C32,7,0.0,35.77,-9999.0,661.9
4,AM-2026-0095,2025-09-03,2025-09-05,Segunda Clase,,,Corporativo,Ambato,Tungurahua,Sierra,Mobiliario,Libreros,Librero 5 repisas,1,0.0,23.98,0.95,1190.6
5,AM-2026-0305,2026-06-04,2026-06-08,Estándar,CL-147,Diego Paredes,PYME,Cuenca,Azuay,Sierra,Mobiliario,Sillas,Silla ejecutiva Ofix,4,0.1,57.71,-0.53,890.39
6,AM-2026-0110,2026-08-04,2026-08-07,Estándar,CL-171,Milton Cajas,PYME,Manta,Manabí,Costa,Suministros,Arte,Cinta adhesiva Scotch x6,5,0.0,52.75,12.19,773.68
7,AM-2026-0269,2025-11-14,2025-11-20,Segunda Clase,CL-140,María Salazar,Corporativo,Cuenca,Azuay,Sierra,Mobiliario,Libreros,Librero 5 repisas,3,0.2,53.71,-2.7,187.92
8,AM-2026-0315,2025-11-23,2025-11-28,Mismo Día,CL-122,Ivonne Macías,Corporativo,Guayaquil,Guayas,Costa,Tecnología,Accesorios,Teclado Genius KB-100,3,,35.29,0.93,118.09
9,AM-2026-0004,2025-09-20,2025-09-22,Primera Clase,CL-128,Elena Carrión,Corporativo,Guayaquil,Guayas,Costa,Mobiliario,Mesas,Mesa de reuniones 180cm,1,0.0,27.77,5.34,417.91
10,AM-2026-0011,2025-10-25,2025-10-31,Mismo Día,CL-130,Karla Bustamante,Consumidor,Quito,Pichincha,Sierra,Tecnología,Accesorios,Audífonos JBL Tune,4,0.2,98.46,-2.63,235.53
11,AM-2026-0419,2026-06-27,2026-06-29,Mismo Día,CL-112,Paola Cárdenas,Consumidor,Manta,Manabí,Costa,Tecnología,Teléfonos,Xiaomi Redmi 13,3,0.0,48.27,4.75,165.94
12,AM-2026-0040,2026-03-01,2026-03-06,Segunda Clase,SIN-ID,,Corporativo,Cuenca,Azuay,Sierra,Suministros,Papelería,Cuaderno universitario Norma,1,0.3,55.91,-6.11,334.61
13,AM-2026-0131,2026-08-06,2026-08-13,Segunda Clase,CL-149,Andrés Molina,Corporativo,Quito,Pichincha,Sierra,Mobiliario,Sillas,Silla plegable Rimax,6,0.0,56.94,3.17,642.12
14,AM-2026-0239,2026-08-07,2026-08-14,Estándar,CL-170,Karla Bustamante,Corporativo,Quito,Pichincha,Sierra,Mobiliario,Mesas,Escritorio en L Maderkit,1,0.3,111.72,-22.56,564.62
15,AM-2026-0371,2026-01-16,2026-01-18,Segunda Clase,CL-159,Óscar Bravo,PYME,Cuenca,Azuay,Sierra,Suministros,Arte,Cinta adhesiva Scotch x6,3,0.0,92.04,21.63,476.34
16,AM-2026-0067,2025-11-14,2025-11-17,Estándar,CL-135,Rodrigo Pinos,PYME,Quito,Pichincha,Sierra,Mobiliario,Libreros,Estante metálico Beta,1,,17.4,-0.1,899.76
17,AM-2026-0356,2025-09-28,2025-10-05,Segunda Clase,CL-118,Marcela Yépez,Consumidor,Guayaquil,Guayas,Costa,Suministros,Archivadores,Caja archivo x10,5,0.3,98.63,-6.9,229.97
18,AM-2026-0344,2026-06-30,2026-07-01,Estándar,CL-107,Diego Paredes,Corporativo,Guayaquil,Guayas,Costa,Tecnología,Teléfonos,Samsung Galaxy A15,2,0.2,37.28,-1.92,619.64
19,AM-2026-0345,2026-01-25,2026-01-27,Segunda Clase,CL-163,Byron Toapanta,Consumidor,Manta,Manabí,Costa,Suministros,Archivadores,Archivador Leitz A-Z,7,0.0,873.18,194.03,1031.94
20,AM-2026-0186,2026-05-22,2026-05-24,Mismo Día,CL-124,Sofía Arteaga,Consumidor,Manta,Manabí,Costa,Suministros,Arte,Cinta adhesiva Scotch x6,6,0.2,67.1,1.25,454.89
21,AM-2026-0308,2026-02-01,2026-02-04,Estándar,CL-125,Patricio Alarcón,Corporativo,Loja,Loja,Sierra,Tecnología,Copiadoras,Copiadora Epson EcoTank L3250,6,0.2,113.42,-3.93,184.72
22,AM-2026-0006,10/01/2026,16/01/2026,Mismo Día,CL-130,Karla Bustamante,Consumidor,Guayaquil,Guayas,Costa,Mobiliario,Mesas,Mesa de reuniones 180cm,7,0.0,131.11,10.24,617.75
23,AM-2026-0097,2026-03-30,2026-03-31,Mismo Día,CL-130,Karla Bustamante,Consumidor,Quito,Pichincha,Sierra,Mobiliario,Libreros,Estante metálico Beta,5,0.0,566.8,47.1,1069.38
24,AM-2026-0037,2026-06-24,2026-06-26,Mismo Día,CL-117,Esteban Riofrío,PYME,Manta,Manabí,Costa,Suministros,Archivadores,Archivador Leitz A-Z,5,0.0,128.4,29.47,247.1
25,AM-2026-0216,2026-06-25,2026-07-02,Estándar,CL-157,Esteban Riofrío,Consumidor,Quito,Pichincha,Sierra,Tecnología,Copiadoras,Impresora HP Smart Tank 515,1,0.3,11.69,0.24,422.51
26,AM-2026-0049,2025-11-10,2025-11-13,Mismo Día,CL-164,Sofía Arteaga,Corporativo,Guayaquil,Guayas,Costa,Suministros,Arte,Cinta adhesiva Scotch x6,4,,209.72,45.66,523.4
27,AM-2026-0195,2026-03-18,2026-03-23,Estándar,CL-160,Tatiana Mendoza,Consumidor,Ambato,Tungurahua,Sierra,Mobiliario,Libreros,Librero 5 repisas,4,,501.44,-4.1,667.74
28,AM-2026-0102,2026-05-22,2026-05-24,Estándar,CL-110,Verónica Cruz,Corporativo,Portoviejo,Manabí,Costa,Suministros,Papelería,Carpetas manila x25,5,,70.4,12.01,507.24
29,AM-2026-0308,2026-02-01,2026-02-04,Estándar,CL-125,Patricio Alarcón,Corporativo,Loja,Loja,Sierra,Suministros,Arte,Cinta adhesiva Scotch x6,1,0.2,71.3,6.01,184.72
30,AM-2026-0336,2026-08-20,2026-08-21,Mismo Día,CL-115,Ramiro Quishpe,Consumidor,Manta,Manabí,Costa,Tecnología,Copiadoras,Impresora HP Smart Tank 515,5,0.2,226.0,-5.15,1743.16
31,AM-2026-0361,2026-04-07,2026-04-10,Mismo Día,CL-152,Paola Cárdenas,Corporativo,Cuenca,Azuay,Sierra,Tecnología,Accesorios,Mouse Logitech M170,6,0.0,41.46,5.41,558.39
32,AM-2026-0299,2026-08-22,2026-08-28,Primera Clase,CL-123,Byron Toapanta,PYME,Ambato,Tungurahua,Sierra,Suministros,Arte,Marcadores Sharpie x12,6,0.0,100.98,22.7,972.09
33,AM-2026-0241,2025-12-06,2025-12-09,Mismo Día,CL-175,Rodrigo Pinos,Consumidor,Tena,Napo,Amazonía,Mobiliario,Libreros,Librero 5 repisas,1,0.0,23.46,3.78,23.46
34,AM-2026-0193,2026-06-18,2026-06-20,Segunda Clase,CL-113,Francisco Mera,Corporativo,Guayaquil,Guayas,Costa,Tecnología,Teléfonos,Samsung Galaxy A15,5,0.0,53.4,8.1,407.55
35,AM-2026-0041,2026-07-18,2026-07-23,Primera Clase,,,Corporativo,Guayaquil,Guayas,Costa,Suministros,Arte,Marcadores Sharpie x12,6,0.0,77.4,14.09,294.17
36,AM-2026-0299,2026-08-22,2026-08-28,Primera Clase,CL-123,Byron Toapanta,PYME,Ambato,Tungurahua,Sierra,Mobiliario,Libreros,Librero 5 repisas,6,0.0,45.48,3.73,972.09
37,AM-2026-0217,2025-10-29,2025-10-30,Mismo Día,CL-158,Marcela Yépez,Corporativo,Guayaquil,Guayas,Costa,Mobiliario,Libreros,Librero 5 repisas,3,0.2,44.45,-2.49,546.4
38,AM-2026-0060,2025-12-13,2025-12-17,Mismo Día,CL-117,Esteban Riofrío,PYME,Machala,El Oro,Costa,Suministros,Papelería,Carpetas manila x25,1,0.1,6.53,2.73,499.31
39,AM-2026-0201,2026-01-03,2026-01-04,Estándar,CL-146,Lucía Espinoza,Corporativo,Guayaquil,Guayas,Costa,Mobiliario,Libreros,Librero 5 repisas,2,0.0,323.26,25.21,926.59
40,AM-2026-0401,2026-03-03,2026-03-08,Primera Clase,CL-142,Ana Tituaña,Consumidor,Ambato,Tungurahua,Sierra,Suministros,Papelería,Cuaderno universitario Norma,3,0.0,71.52,16.32,368.09
41,AM-2026-0063,2026-03-08,2026-03-10,Estándar,CL-154,Gabriela Ponce,Consumidor,Guayaquil,Guayas,Costa,Suministros,Arte,Marcadores Sharpie x12,4,0.0,27.04,4.38,255.71
42,AM-2026-0018,2026-02-06,2026-02-08,Mismo Día,CL-175,Rodrigo Pinos,Consumidor,Quito,Pichincha,Sierra,Tecnología,Copiadoras,Impresora HP Smart Tank 515,3,0.0,20.82,2.96,113.41
43,AM-2026-0363,02/02/2026,04/02/2026,Primera Clase,CL-106,Lucía Espinoza,Consumidor,Quito,Pichincha,Sierra,Suministros,Papelería,Cuaderno universitario Norma,5,,49.2,9.59,49.2
44,AM-2026-0173,2026-05-10,2026-05-15,Mismo Día,CL-119,Óscar Bravo,Corporativo,Loja,Loja,Sierra,Suministros,Papelería,Resma papel A4 75g,6,,52.84,-3.2,732.57
45,AM-2026-0257,2026-03-21,2026-03-24,Estándar,CL-127,Gustavo Palma,Consumidor,Cuenca,Azuay,Sierra,Tecnología,Accesorios,Teclado Genius KB-100,6,,20.37,-1.98,1137.15
46,AM-2026-0268,2025-10-09,2025-10-13,Estándar,CL-116,Daniela Loor,Corporativo,Cuenca,Azuay,Sierra,Suministros,Archivadores,Archivador Leitz A-Z,7,0.1,67.03,6.9,188.94
47,AM-2026-0232,2026-06-22,2026-06-25,Segunda Clase,CL-136,Cynthia Baque,Consumidor,Machala,El Oro,Costa,Mobiliario,Sillas,Silla ejecutiva Ofix,5,0.0,57.9,8.01,310.89
48,AM-2026-0304,2026-06-20,2026-06-21,Segunda Clase,CL-131,Milton Cajas,Corporativo,Guayaquil,Guayas,Costa,Tecnología,Copiadoras,Impresora HP Smart Tank 515,5,,94.52,-2.35,932.02
49,AM-2026-0092,2025-11-22,2025-11-26,Segunda Clase,CL-110,Verónica Cruz,Corporativo,Cuenca,Azuay,Sierra,Mobiliario,Libreros,Estante metálico Beta,2,0.1,62.35,-4.3,349.91
50,AM-2026-0096,2026-07-25,2026-07-28,Estándar,CL-127,Gustavo Palma,Consumidor,Ambato,Tungurahua,Sierra,Tecnología,Accesorios,Teclado Genius KB-100,6,0.2,123.07,-4.16,438.46
51,AM-2026-0370,2026-01-12,2026-01-17,Mismo Día,SIN-ID,,Consumidor,Quito,Pichincha,Sierra,Tecnología,Accesorios,Audífonos JBL Tune,5,0.0,"$201,45",30.83,253.59
52,AM-2026-0105,2026-06-16,2026-06-21,Mismo Día,CL-154,Gabriela Ponce,Consumidor,Guayaquil,Guayas,Costa,Tecnología,Accesorios,Cargador Anker 20W,3,0.0,205.95,31.92,2209.04
53,AM-2026-0323,2026-07-09,2026-07-12,Estándar,,,Consumidor,Manta,Manabí,Costa,Tecnología,Copiadoras,Impresora HP Smart Tank 515,7,0.1,131.36,3.55,457.22
54,AM-2026-0415,2025-10-30,2025-11-04,Primera Clase,CL-104,Carmen Vélez,Corporativo,Quito,Pichincha,Sierra,Suministros,Arte,Marcadores Sharpie x12,1,0.1,30.87,6.88,224.8
55,AM-2026-0272,2026-03-14,2026-03-20,Primera Clase,CL-112,Paola Cárdenas,Consumidor,Guayaquil,Guayas,Costa,Suministros,Papelería,Resma papel A4 75g,4,0.1,118.91,16.32,1232.39
56,AM-2026-0070,2026-05-29,2026-06-04,Primera Clase,CL-178,Belén Cornejo,Consumidor,Quito,Pichincha,Sierra,Tecnología,Accesorios,Cargador Anker 20W,1,0.3,8.11,0.88,226.83
57,AM-2026-0354,2026-08-04,2026-08-09,Mismo Día,CL-102,Ana Tituaña,PYME,Guayaquil,Guayas,Costa,Mobiliario,Sillas,Silla plegable Rimax,5,0.0,88.25,6.75,301.52
58,AM-2026-0278,2026-01-13,2026-01-14,Primera Clase,CL-170,Karla Bustamante,Corporativo,Guayaquil,Guayas,Costa,Mobiliario,Sillas,Silla plegable Rimax,5,0.0,67.2,5.01,138.1
59,AM-2026-0043,2026-05-03,2026-05-06,Segunda Clase,CL-125,Patricio Alarcón,Corporativo,Guayaquil,Guayas,Costa,Tecnología,Teléfonos,Xiaomi Redmi 13,2,0.0,28.42,10.65,178.32
60,AM-2026-0305,2026-06-04,2026-06-08,Estándar,CL-147,Diego Paredes,PYME,Cuenca,Azuay,Sierra,Tecnología,Accesorios,Audífonos JBL Tune,6,,542.77,-58.86,890.39
61,AM-2026-0113,2026-01-19,2026-01-21,Segunda Clase,CL-158,Marcela Yépez,Corporativo,Loja,Loja,Sierra,Mobiliario,Libreros,Estante metálico Beta,4,0.2,"$42,88",-3.38,455.86
62,AM-2026-0227,2025-09-24,2025-09-30,Estándar,CL-157,Esteban Riofrío,Consumidor,Guayaquil,Guayas,Costa,Mobiliario,Libreros,Librero 5 repisas,3,0.0,156.84,11.15,249.38
63,AM-2026-0309,2026-03-03,2026-03-10,Estándar,CL-118,Marcela Yépez,Consumidor,Quito,Pichincha,Sierra,Tecnología,Copiadoras,Impresora HP Smart Tank 515,4,0.0,73.16,13.72,568.74
64,AM-2026-0100,2026-05-14,2026-05-17,Primera Clase,CL-138,Belén Cornejo,PYME,Manta,Manabí,Costa,Suministros,Papelería,Cuaderno universitario Norma,5,0.0,63.35,9.29,389.65
65,AM-2026-0321,2026-03-31,2026-04-02,Estándar,CL-126,Nadia Reinoso,PYME,Quito,Pichincha,Sierra,Suministros,Papelería,Resma papel A4 75g,3,,197.31,-9999.0,594.23
66,AM-2026-0079,2025-10-04,2025-10-07,Mismo Día,CL-147,Diego Paredes,PYME,Cuenca,Azuay,Sierra,Mobiliario,Sillas,Silla ejecutiva Ofix,3,0.3,73.42,-12.64,291.41
67,AM-2026-0249,2026-07-20,2026-07-24,Segunda Clase,CL-122,Ivonne Macías,Corporativo,Quito,Pichincha,Sierra,Mobiliario,Sillas,Silla plegable Rimax,2,0.0,159.86,14.5,552.77
68,AM-2026-0254,2026-04-25,2026-04-30,Primera Clase,CL-145,Pedro Guamán,Consumidor,Guayaquil,Guayas,Costa,Mobiliario,Libreros,Estante metálico Beta,3,0.1,53.27,-2.58,605.82
69,AM-2026-0416,2026-07-24,2026-07-25,Mismo Día,CL-119,Óscar Bravo,Corporativo,Quito,Pichincha,Sierra,Suministros,Archivadores,Archivador Leitz A-Z,6,0.0,97.8,21.32,529.74
70,AM-2026-0316,2025-09-16,2025-09-20,Segunda Clase,CL-101,José Cedeño,Corporativo,Quito,Pichincha,Sierra,Mobiliario,Libreros,Estante metálico Beta,7,0.2,246.57,-25.93,684.35
71,AM-2026-0359,2026-06-04,2026-06-09,Mismo Día,CL-168,Elena Carrión,PYME,Guayaquil,Guayas,Costa,Mobiliario,Sillas,Silla plegable Rimax,7,,442.51,-0.69,1508.15
72,AM-2026-0429,2026-07-25,2026-07-26,Estándar,CL-127,Gustavo Palma,Consumidor,Cuenca,Azuay,Sierra,Tecnología,Accesorios,Teclado Genius KB-100,3,0.2,39.65,1.9,368.19
73,AM-2026-0073,2025-11-02,2025-11-03,Primera Clase,CL-156,Daniela Loor,PYME,Ambato,Tungurahua,Sierra,Suministros,Archivadores,Caja archivo x10,4,0.0,"$37,68",9.34,37.68
74,AM-2026-0180,2026-01-30,2026-01-31,Segunda Clase,CL-161,Hernán Cobo,Corporativo,Santo Domingo,Santo Domingo de los Tsáchilas,Costa,Tecnología,Accesorios,Cargador Anker 20W,5,0.2,95.8,0.87,382.74
75,AM-2026-0244,2026-01-16,2026-01-22,Mismo Día,CL-173,Wilson Chila,Corporativo,Guayaquil,Guayas,Costa,Tecnología,Accesorios,Cargador Anker 20W,7,,121.73,16.98,459.43
76,AM-2026-0022,2025-09-21,2025-09-24,Primera Clase,SIN-ID,,PYME,Cuenca,Azuay,Sierra,Suministros,Archivadores,Caja archivo x10,6,0.3,52.79,-5.51,247.79
77,AM-2026-0007,2026-05-23,2026-05-24,Primera Clase,CL-177,Iván Sarango,PYME,Manta,Manabí,Costa,Suministros,Archivadores,Caja archivo x10,2,0.1,94.93,12.52,276.77
78,AM-2026-0058,2025-11-28,2025-11-30,Segunda Clase,CL-147,Diego Paredes,PYME,Puerto Ayora,Galápagos,Galápagos,Suministros,Archivadores,Archivador Leitz A-Z,3,0.0,188.91,42.84,462.19
79,AM-2026-0261,2026-02-17,2026-02-20,Primera Clase,CL-119,Óscar Bravo,Corporativo,Tena,,Amazonía,Mobiliario,Mesas,Mesa de reuniones 180cm,4,0.3,73.47,-14.06,226.43
80,AM-2026-0168,2025-12-13,2025-12-18,Segunda Clase,CL-119,Óscar Bravo,Corporativo,Ambato,Tungurahua,Sierra,Tecnología,Copiadoras,Copiadora Epson EcoTank L3250,1,0.1,6.03,-0.36,104.37
81,AM-2026-0254,2026-04-25,2026-04-30,Primera Clase,CL-145,Pedro Guamán,Consumidor,Guayaquil,Guayas,Costa,Suministros,Papelería,Carpetas manila x25,5,,67.55,17.25,605.82
82,AM-2026-0176,2026-03-08,2026-03-15,Primera Clase,CL-124,Sofía Arteaga,Consumidor,Guayaquil,Guayas,Costa,Tecnología,Copiadoras,Impresora HP Smart Tank 515,7,0.1,199.96,14.15,470.95
83,AM-2026-0187,2025-11-25,2025-12-01,Segunda Clase,,,Consumidor,Machala,El Oro,Costa,Mobiliario,Mesas,Escritorio en L Maderkit,1,0.2,147.48,-14.49,2139.42
84,AM-2026-0287,03/03/2026,07/03/2026,Mismo Día,CL-127,Gustavo Palma,Consumidor,Quito,Pichincha,Sierra,Suministros,Archivadores,Caja archivo x10,7,,159.94,7.23,204.55
85,AM-2026-0099,2025-11-03,2025-11-10,Segunda Clase,CL-174,Marta Aguirre,PYME,Loja,Loja,Sierra,Suministros,Papelería,Carpetas manila x25,2,0.1,85.12,11.52,283.66
86,AM-2026-0167,2025-10-09,2025-10-10,Estándar,CL-166,Nadia Reinoso,Consumidor,Guayaquil,Guayas,Costa,Mobiliario,Sillas,Silla plegable Rimax,7,0.0,343.07,26.63,640.96
87,AM-2026-0063,2026-03-08,2026-03-10,Estándar,CL-154,Gabriela Ponce,Consumidor,Guayaquil,Guayas,Costa,Suministros,Papelería,Resma papel A4 75g,5,0.2,38.2,0.76,255.71
88,AM-2026-0352,2026-03-12,2026-03-15,Primera Clase,CL-157,Esteban Riofrío,Consumidor,Manta,Manabí,Costa,Mobiliario,Libreros,Librero 5 repisas,2,0.2,15.09,0.48,15.09
89,AM-2026-0174,2026-08-19,2026-08-26,Segunda Clase,CL-114,Gabriela Ponce,PYME,Guayaquil,Guayas,Costa,Tecnología,Accesorios,Mouse Logitech M170,1,0.0,92.29,14.83,425.59
90,AM-2026-0255,2025-09-16,2025-09-17,Primera Clase,CL-142,Ana Tituaña,Consumidor,Machala,El Oro,Costa,Suministros,Arte,Cinta adhesiva Scotch x6,2,0.0,36.84,7.12,956.74
91,AM-2026-0318,2026-06-09,2026-06-12,Segunda Clase,CL-120,Tatiana Mendoza,PYME,Guayaquil,Guayas,Costa,Suministros,Arte,Cinta adhesiva Scotch x6,2,0.0,7.02,1.61,22.78
92,AM-2026-0426,2025-12-16,2025-12-22,Estándar,CL-137,Iván Sarango,Corporativo,Quito,,Sierra,Mobiliario,Libreros,Librero 5 repisas,1,0.1,18.37,3.25,337.3
93,AM-2026-0345,2026-01-25,2026-01-27,Segunda Clase,CL-163,Byron Toapanta,Consumidor,Manta,Manabí,Costa,Tecnología,Accesorios,Mouse Logitech M170,3,0.0,147.93,22.12,1031.94
94,AM-2026-0056,2026-03-15,2026-03-21,Estándar,CL-103,Luis Zambrano,Consumidor,Loja,Loja,Sierra,Suministros,Archivadores,Caja archivo x10,1,0.2,13.58,0.06,240.92
95,AM-2026-0133,2025-12-19,2025-12-25,Estándar,CL-172,Priscila Vera,Consumidor,Quito,Pichincha,Sierra,Suministros,Archivadores,Archivador Leitz A-Z,2,0.0,26.28,7.26,143.47
96,AM-2026-0245,2025-12-16,2025-12-21,Mismo Día,CL-110,Verónica Cruz,Corporativo,Santo Domingo,Santo Domingo de los Tsáchilas,Costa,Suministros,Papelería,Resma papel A4 75g,6,0.0,144.6,30.68,258.96
97,AM-2026-0301,2025-10-25,2025-10-29,Estándar,CL-170,Karla Bustamante,Corporativo,Tena,Napo,Amazonía,Suministros,Papelería,Cuaderno universitario Norma,3,,74.82,9.19,293.35
98,AM-2026-0137,2025-11-01,2025-11-07,Segunda Clase,CL-158,Marcela Yépez,Corporativo,Guayaquil,Guayas,Costa,Suministros,Archivadores,Archivador Leitz A-Z,6,,553.15,22.4,723.34
99,AM-2026-0084,2026-07-23,2026-07-29,Primera Clase,CL-161,Hernán Cobo,Corporativo,Machala,El Oro,Costa,Mobiliario,Mesas,Mesa de reuniones 180cm,7,0.0,158.55,10.71,285.83
100,AM-2026-0326,2025-10-26,2025-10-27,Estándar,CL-138,Belén Cornejo,PYME,Manta,Manabí,Costa,Tecnología,Accesorios,Cargador Anker 20W,7,0.1,231.9,14.85,508.65
101,AM-2026-0248,2026-07-15,2026-07-21,Mismo Día,CL-121,Hernán Cobo,Consumidor,Loja,Loja,Sierra,Suministros,Archivadores,Caja archivo x10,1,0.0,16.62,-9999.0,571.7
102,AM-2026-0194,2025-09-22,2025-09-24,Estándar,CL-121,Hernán Cobo,Consumidor, Quito,,Sierra,Suministros,Papelería,Carpetas manila x25,1,0.0,5.93,2.29,351.29
103,AM-2026-0336,2026-08-20,2026-08-21,Mismo Día,CL-115,Ramiro Quishpe,Consumidor,Manta,Manabí,Costa,Mobiliario,Libreros,Estante metálico Beta,2,,24.96,3.65,1743.16
104,AM-2026-0230,2026-08-05,2026-08-09,Primera Clase,CL-160,Tatiana Mendoza,Consumidor,Guayaquil,Guayas,Costa,Tecnología,Accesorios,Mouse Logitech M170,7,,2366.16,-263.96,2774.27
105,AM-2026-0346,2026-03-02,2026-03-03,Estándar,CL-134,Marta Aguirre,Corporativo,Guayaquil,Guayas,Costa,Mobiliario,Libreros,Estante metálico Beta,5,,31.16,-1.98,219.96
106,AM-2026-0184,2026-05-28,2026-05-29,Primera Clase,CL-107,Diego Paredes,Corporativo,Guayaquil,Guayas,Costa,Suministros,Archivadores,Caja archivo x10,6,0.1,79.97,10.72,125.06
107,AM-2026-0158,2026-06-30,2026-07-07,Mismo Día,CL-146,Lucía Espinoza,Corporativo,Guayaquil,Guayas,Costa,Tecnología,Copiadoras,Impresora HP Smart Tank 515,5,0.0,34.5,8.5,372.17
108,AM-2026-0349,2025-09-20,2025-09-27,Estándar,CL-150,Verónica Cruz,PYME,Guayaquil,Guayas,Costa,Tecnología,Teléfonos,Teléfono Nokia C32,5,0.0,74.85,10.43,913.33
109,AM-2026-0138,2026-07-03,2026-07-08,Mismo Día,CL-160,Tatiana Mendoza,Consumidor,Quito,Pichincha,Sierra,Suministros,Papelería,Cuaderno universitario Norma,5,0.0,84.15,18.8,257.8
110,AM-2026-0224,2026-06-23,2026-06-29,Estándar,,,PYME,Guayaquil,Guayas,Costa,Mobiliario,Libreros,Estante metálico Beta,1,0.2,9.13,2.52,342.7
111,AM-2026-0218,2026-08-24,2026-08-25,Mismo Día,CL-116,Daniela Loor,Corporativo,Quito,Pichincha,Sierra,Mobiliario,Mesas,Escritorio en L Maderkit,5,,439.65,-4.58,439.65
112,AM-2026-0121,2026-02-19,2026-02-20,Estándar,CL-105,Pedro Guamán,PYME,Machala,El Oro,Costa,Tecnología,Teléfonos,Teléfono Nokia C32,3,0.0,38.4,3.57,38.4
113,AM-2026-0251,2026-06-03,2026-06-06,Mismo Día,CL-129,Fabián Ortiz,PYME,Portoviejo,Manabí,Costa,Tecnología,Teléfonos,Teléfono Nokia C32,5,0.1,44.1,2.2,148.83
114,AM-2026-0144,2026-03-22,2026-03-29,Primera Clase,CL-110,Verónica Cruz,Corporativo,Quito,Pichincha,Sierra,Suministros,Archivadores,Caja archivo x10,5,0.0,76.85,18.98,97.21
115,AM-2026-0116,2026-01-09,2026-01-12,Mismo Día,CL-124,Sofía Arteaga,Consumidor,Guayaquil,Guayas,Costa,Mobiliario,Sillas,Silla ejecutiva Ofix,6,0.0,"$94,50",6.18,439.05
116,AM-2026-0176,2026-03-08,2026-03-15,Primera Clase,CL-124,Sofía Arteaga,Consumidor,Guayaquil,Guayas,Costa,Mobiliario,Sillas,Silla ejecutiva Ofix,5,0.1,270.99,-2.0,470.95
117,AM-2026-0397,29/11/2025,06/12/2025,Estándar,CL-175,Rodrigo Pinos,Consumidor,Guayaquil,Guayas,Costa,Mobiliario,Sillas,Silla plegable Rimax,6,0.0,74.28,4.19,248.99
118,AM-2026-0065,2026-08-11,2026-08-18,Estándar,CL-152,Paola Cárdenas,Corporativo,Ambato,Tungurahua,Sierra,Suministros,Papelería,Cuaderno universitario Norma,7,0.0,2883.79,634.14,3063.55
119,AM-2026-0058,2025-11-28,2025-11-30,Segunda Clase,CL-147,Diego Paredes,PYME,Puerto Ayora,Galápagos,Galápagos,Mobiliario,Mesas,Escritorio en L Maderkit,1,0.0,15.16,0.11,462.19
120,AM-2026-0276,2026-06-29,2026-07-01,Primera Clase,,,Consumidor,Sto. Domingo,Santo Domingo de los Tsáchilas,Costa,Suministros,Archivadores,Archivador Leitz A-Z,2,0.2,159.31,6.69,1495.97
121,AM-2026-0410,2026-05-19,2026-05-22,Estándar,CL-118,Marcela Yépez,Consumidor,Quito,Pichincha,Sierra,Mobiliario,Sillas,Silla ejecutiva Ofix,4,0.0,680.92,55.27,1147.11
122,AM-2026-0293,2026-08-21,2026-08-24,Segunda Clase,CL-162,Ivonne Macías,PYME,Quito,Pichincha,Sierra,Mobiliario,Mesas,Mesa de reuniones 180cm,5,,38.6,4.75,919.32
123,AM-2026-0100,2026-05-14,2026-05-17,Primera Clase,,,PYME,Manta,Manabí,Costa,Tecnología,Copiadoras,Copiadora Epson EcoTank L3250,3,0.0,18.63,3.32,389.65
124,AM-2026-0427,2025-11-04,2025-11-05,Estándar,CL-171,Milton Cajas,PYME,Puerto Ayora,Galápagos,Galápagos,Tecnología,Copiadoras,Impresora HP Smart Tank 515,5,0.3,133.98,-11.35,458.05
125,AM-2026-0014,2025-10-24,2025-10-27,Segunda Clase,CL-165,Patricio Alarcón,PYME,Guayaquil,Guayas,Costa,Suministros,Arte,Marcadores Sharpie x12,2,0.0,62.18,14.6,821.93
126,AM-2026-0252,2025-11-24,2025-12-01,Mismo Día,SIN-ID,,PYME,Puerto Ayora,Galápagos,Galápagos,Mobiliario,Sillas,Silla plegable Rimax,4,0.0,31.48,3.15,57.36
127,AM-2026-0100,2026-05-14,2026-05-17,Primera Clase,CL-138,Belén Cornejo,PYME,Manta,Manabí,Costa,Suministros,Archivadores,Archivador Leitz A-Z,4,,40.84,10.26,389.65
128,AM-2026-0426,2025-12-16,2025-12-22,Estándar,CL-137,Iván Sarango,Corporativo,Quito,Pichincha,Sierra,Tecnología,Copiadoras,Copiadora Epson EcoTank L3250,6,0.0,287.46,45.69,337.3
129,AM-2026-0223,2026-04-16,2026-04-20,Estándar,CL-151,Jorge Intriago,Consumidor,Cuenca,Azuay,Sierra,Tecnología,Accesorios,Teclado Genius KB-100,1,,34.82,0.76,579.02
130,AM-2026-0394,2026-03-13,2026-03-19,Estándar,CL-136,Cynthia Baque,Consumidor,Manta,Manabí,Costa,Tecnología,Teléfonos,Samsung Galaxy A15,4,,162.48,25.6,700.33
131,AM-2026-0173,2026-05-10,2026-05-15,Mismo Día,CL-119,Óscar Bravo,Corporativo,Loja,Loja,Sierra,Suministros,Archivadores,Archivador Leitz A-Z,4,0.0,226.76,52.59,732.57
132,AM-2026-0228,2026-02-14,2026-02-20,Mismo Día,CL-177,Iván Sarango,PYME,Guayaquil,Guayas,Costa,Suministros,Archivadores,Caja archivo x10,4,0.0,65.8,15.26,281.8
133,AM-2026-0393,2026-02-09,2026-02-12,Segunda Clase,CL-148,Rosa Chiriboga,Consumidor,Guayaquil,Guayas,Costa,Mobiliario,Sillas,Silla ejecutiva Ofix,1,0.0,44.67,-9999.0,161.19
134,AM-2026-0221,2026-05-08,2026-05-12,Mismo Día,CL-106,Lucía Espinoza,Consumidor,Guayaquil,Guayas,Costa,Tecnología,Teléfonos,Teléfono Nokia C32,3,0.0,37.56,2.44,86.81
135,AM-2026-0334,2026-03-10,2026-03-16,Mismo Día,CL-120,Tatiana Mendoza,PYME,Ambato,Tungurahua,Sierra,Suministros,Arte,Marcadores Sharpie x12,6,0.0,35.58,6.9,941.74
136,AM-2026-0026,2026-06-18,2026-06-25,Primera Clase,CL-149,Andrés Molina,Corporativo,Quito,Pichincha,Sierra,Tecnología,Teléfonos,Xiaomi Redmi 13,6,,832.14,132.93,1203.02
137,AM-2026-0101,2026-01-03,2026-01-04,Mismo Día,CL-167,Gustavo Palma,Corporativo,Sto. Domingo,Santo Domingo de los Tsáchilas,Costa,Suministros,Arte,Marcadores Sharpie x12,1,0.0,16.07,1.41,184.86
138,AM-2026-0151,2026-08-29,2026-09-02,Segunda Clase,CL-114,Gabriela Ponce,PYME,Quito,Pichincha,Sierra,Tecnología,Copiadoras,Copiadora Epson EcoTank L3250,7,,92.05,16.09,258.3
139,AM-2026-0054,2026-08-05,2026-08-08,Segunda Clase,CL-128,Elena Carrión,Corporativo,quito,Pichincha,Sierra,Tecnología,Copiadoras,Copiadora Epson EcoTank L3250,5,0.2,75.8,-2.7,173.49
140,AM-2026-0426,2025-12-16,2025-12-22,Estándar,CL-137,Iván Sarango,Corporativo,Quito,Pichincha,Sierra,Mobiliario,Sillas,Silla plegable Rimax,3,0.0,31.47,5.6,337.3
141,AM-2026-0288,2025-12-17,2025-12-24,Primera Clase,CL-145,Pedro Guamán,Consumidor,Manta,Manabí,Costa,Suministros,Arte,Marcadores Sharpie x12,4,0.0,76.48,15.54,76.48
142,AM-2026-0336,2026-08-20,2026-08-21,Mismo Día,CL-115,Ramiro Quishpe,Consumidor,Manta,,Costa,Tecnología,Accesorios,Teclado Genius KB-100,3,,30.48,7.85,1743.16
143,AM-2026-0361,2026-04-07,2026-04-10,Mismo Día,CL-152,Paola Cárdenas,Corporativo,Cuenca,Azuay,Sierra,Mobiliario,Mesas,Escritorio en L Maderkit,5,0.1,85.23,-2.11,558.39
144,AM-2026-0255,2025-09-16,2025-09-17,Primera Clase,,,Consumidor,Machala,El Oro,Costa,Tecnología,Teléfonos,Xiaomi Redmi 13,3,0.0,120.27,23.97,956.74
145,AM-2026-0250,2026-01-25,2026-01-26,Segunda Clase,CL-170,Karla Bustamante,Corporativo,Quito,Pichincha,Sierra,Suministros,Arte,Marcadores Sharpie x12,6,0.1,70.09,8.15,70.09
146,AM-2026-0128,2025-11-06,2025-11-10,Estándar,CL-152,Paola Cárdenas,Corporativo,Cuenca,Azuay,Sierra,Tecnología,Copiadoras,Copiadora Epson EcoTank L3250,3,0.1,77.35,9.14,636.82
147,AM-2026-0180,2026-01-30,2026-01-31,Segunda Clase,CL-161,Hernán Cobo,Corporativo,Santo Domingo,Santo Domingo de los Tsáchilas,Costa,Mobiliario,Libreros,Estante metálico Beta,7,0.0,224.98,15.03,382.74
148,AM-2026-0150,2026-01-02,2026-01-08,Primera Clase,CL-105,Pedro Guamán,PYME,Quito,Pichincha,Sierra,Tecnología,Teléfonos,Teléfono Nokia C32,6,,327.06,53.36,479.67
149,AM-2026-0113,2026-01-19,2026-01-21,Segunda Clase,CL-158,Marcela Yépez,Corporativo,Loja,Loja,Sierra,Tecnología,Copiadoras,Copiadora Epson EcoTank L3250,1,0.0,"$60,36",9.32,455.86
150,AM-2026-0394,2026-03-13,2026-03-19,Estándar,CL-136,Cynthia Baque,Consumidor,Manta,Manabí,Costa,Tecnología,Teléfonos,Samsung Galaxy A15,1,0.2,21.79,-1.57,700.33
151,AM-2026-0015,2026-04-05,2026-04-10,Primera Clase,CL-137,Iván Sarango,Corporativo,Guayaquil,Guayas,Costa,Tecnología,Copiadoras,Copiadora Epson EcoTank L3250,7,0.1,556.86,38.4,607.44
152,AM-2026-0009,2026-01-22,2026-01-24,Segunda Clase,CL-125,Patricio Alarcón,Corporativo,Portoviejo,Manabí,Costa,Mobiliario,Sillas,Silla plegable Rimax,5,0.0,"$111,25",10.41,571.16
153,AM-2026-0227,2025-09-24,2025-09-30,Estándar,CL-157,Esteban Riofrío,Consumidor,Guayaquil,Guayas,Costa,Suministros,Archivadores,Archivador Leitz A-Z,3,0.0,35.46,9.95,249.38
154,AM-2026-0214,2026-04-29,2026-05-04,Segunda Clase,CL-102,Ana Tituaña,PYME,Quito,Pichincha,Sierra,Suministros,Archivadores,Caja archivo x10,3,0.1,252.48,33.51,859.18
155,AM-2026-0075,2025-12-30,2026-01-02,Primera Clase,CL-107,Diego Paredes,Corporativo,Cuenca,Azuay,Sierra,Tecnología,Copiadoras,Copiadora Epson EcoTank L3250,4,0.0,154.36,26.97,666.82
156,AM-2026-0040,2026-03-01,2026-03-06,Segunda Clase,CL-155,Ramiro Quishpe,Corporativo,Cuenca,Azuay,Sierra,Suministros,Papelería,Carpetas manila x25,3,0.2,86.98,0.84,334.61
157,AM-2026-0380,2026-01-24,2026-01-30,Segunda Clase,CL-136,Cynthia Baque,Consumidor,Puerto Ayora,Galápagos,Galápagos,Tecnología,Accesorios,Mouse Logitech M170,5,0.2,87.24,-2.28,117.96
158,AM-2026-0046,2026-04-17,2026-04-19,Primera Clase,CL-109,Andrés Molina,Consumidor,Machala,El Oro,Costa,Mobiliario,Mesas,Escritorio en L Maderkit,1,0.0,12.96,0.23,12.96
159,AM-2026-0312,2026-06-26,2026-06-27,Estándar,CL-163,Byron Toapanta,Consumidor,Ambato,Tungurahua,Sierra,Suministros,Archivadores,Archivador Leitz A-Z,2,0.0,149.46,27.88,483.37
160,AM-2026-0143,2026-08-16,2026-08-23,Segunda Clase,CL-116,Daniela Loor,Corporativo,Ambato,Tungurahua,Sierra,Suministros,Archivadores,Caja archivo x10,7,0.2,39.65,1.65,495.76
161,AM-2026-0153,2025-09-16,2025-09-23,Estándar,CL-151,Jorge Intriago,Consumidor,Cuenca,Azuay,Sierra,Tecnología,Accesorios,Mouse Logitech M170,3,0.0,54.81,10.41,426.96
162,AM-2026-0340,2025-12-30,2025-12-31,Mismo Día,CL-123,Byron Toapanta,PYME,Quito,Pichincha,Sierra,Tecnología,Accesorios,Teclado Genius KB-100,2,0.0,55.36,10.64,659.81
163,AM-2026-0038,2026-07-31,2026-08-07,Mismo Día,,,Consumidor,Quito,Pichincha,Sierra,Suministros,Archivadores,Caja archivo x10,7,0.0,491.19,109.65,491.19
164,AM-2026-0068,2026-04-06,2026-04-13,Primera Clase,CL-172,Priscila Vera,Consumidor,Guayaquil,Guayas,Costa,Mobiliario,Libreros,Librero 5 repisas,4,0.0,58.88,4.68,682.25
165,AM-2026-0226,2026-04-09,2026-04-13,Estándar,CL-163,Byron Toapanta,Consumidor,Quito,,Sierra,Mobiliario,Libreros,Estante metálico Beta,2,0.0,42.4,3.8,1259.46
166,AM-2026-0415,2025-10-30,2025-11-04,Primera Clase,CL-104,Carmen Vélez,Corporativo,Quito,Pichincha,Sierra,Suministros,Archivadores,Caja archivo x10,2,,24.86,-1.18,224.8
167,AM-2026-0159,2026-08-15,2026-08-21,Primera Clase,CL-101,José Cedeño,Corporativo,Guayaquil,Guayas,Costa,Tecnología,Teléfonos,Xiaomi Redmi 13,5,0.0,49.15,8.11,931.51
168,AM-2026-0295,2026-02-10,2026-02-12,Segunda Clase,CL-160,Tatiana Mendoza,Consumidor,Portoviejo,Manabí,Costa,Suministros,Archivadores,Caja archivo x10,3,,69.66,9.99,875.55
169,AM-2026-0190,2026-07-21,2026-07-25,Estándar,CL-124,Sofía Arteaga,Consumidor,Ambato,Tungurahua,Sierra,Suministros,Archivadores,Archivador Leitz A-Z,4,0.0,79.4,17.28,627.51
170,AM-2026-0068,2026-04-06,2026-04-13,Primera Clase,,,Consumidor,Guayaquil,Guayas,Costa,Mobiliario,Libreros,Estante metálico Beta,2,0.0,346.42,27.63,682.25
171,AM-2026-0319,2026-05-26,2026-05-27,Estándar,CL-121,Hernán Cobo,Consumidor,Puerto Ayora,Galápagos,Galápagos,Suministros,Archivadores,Caja archivo x10,1,0.1,37.46,6.41,223.44
172,AM-2026-0354,2026-08-04,2026-08-09,Mismo Día,CL-102,Ana Tituaña,PYME,Guayaquil,Guayas,Costa,Tecnología,Teléfonos,Xiaomi Redmi 13,3,0.2,63.72,-0.39,301.52
173,AM-2026-0420,2026-07-13,2026-07-19,Segunda Clase,CL-138,Belén Cornejo,PYME,Quito,Pichincha,Sierra,Tecnología,Accesorios,Audífonos JBL Tune,7,0.0,254.17,39.15,254.17
174,AM-2026-0194,2025-09-22,2025-09-24,Estándar,CL-121,Hernán Cobo,Consumidor,Quito,Pichincha,Sierra,Suministros,Arte,Marcadores Sharpie x12,6,0.0,78.0,15.64,351.29
175,AM-2026-0193,2026-06-18,2026-06-20,Segunda Clase,CL-113,Francisco Mera,Corporativo,Guayaquil,Guayas,Costa,Suministros,Archivadores,Caja archivo x10,7,0.1,117.62,15.03,407.55
176,AM-2026-0240,2026-01-05,2026-01-08,Estándar,CL-141,José Cedeño,PYME,Quito,Pichincha,Sierra,Mobiliario,Libreros,Librero 5 repisas,5,0.0,85.55,8.21,378.68
177,AM-2026-0383,2026-06-26,2026-07-03,Primera Clase,CL-172,Priscila Vera,Consumidor,Santo Domingo,Santo Domingo de los Tsáchilas,Costa,Tecnología,Copiadoras,Impresora HP Smart Tank 515,4,0.0,42.64,6.09,422.24
178,AM-2026-0163,2026-01-21,2026-01-28,Segunda Clase,CL-135,Rodrigo Pinos,PYME,Guayaquil,Guayas,Costa,Mobiliario,Sillas,Silla ejecutiva Ofix,2,0.0,27.04,2.51,102.64
179,AM-2026-0142,2026-08-14,2026-08-18,Estándar,SIN-ID,,Corporativo,Quito,Pichincha,Sierra,Tecnología,Copiadoras,Impresora HP Smart Tank 515,2,0.0,87.96,12.29,87.96
180,AM-2026-0430,2026-07-13,2026-07-17,Segunda Clase,CL-154,Gabriela Ponce,Consumidor,Ambato,Tungurahua,Sierra,Suministros,Archivadores,Archivador Leitz A-Z,4,0.0,81.16,18.56,102.82
181,AM-2026-0388,2026-03-30,2026-04-04,Segunda Clase,CL-138,Belén Cornejo,PYME,Guayaquil,Guayas,Costa,Suministros,Archivadores,Archivador Leitz A-Z,1,,6.6,2.57,106.12
182,AM-2026-0405,2026-01-18,2026-01-21,Primera Clase,CL-159,Óscar Bravo,PYME,Guayaquil,Guayas,Costa,Suministros,Arte,Cinta adhesiva Scotch x6,1,0.0,24.07,6.09,344.7
183,AM-2026-0421,2026-04-13,2026-04-16,Segunda Clase,CL-176,Cynthia Baque,Corporativo,Loja,Loja,Sierra,Mobiliario,Mesas,Mesa de reuniones 180cm,2,0.0,60.32,1.6,430.24
184,AM-2026-0366,2025-09-06,2025-09-08,Segunda Clase,CL-168,Elena Carrión,PYME,Ambato,Tungurahua,Sierra,Suministros,Archivadores,Caja archivo x10,6,0.1,333.34,40.47,871.44
185,AM-2026-0143,2026-08-16,2026-08-23,Segunda Clase,CL-116,Daniela Loor,Corporativo,Ambato,Tungurahua,Sierra,Suministros,Archivadores,Archivador Leitz A-Z,3,,64.47,13.94,495.76
186,AM-2026-0335,2026-08-20,2026-08-23,Primera Clase,CL-155,Ramiro Quishpe,Corporativo,Portoviejo,Manabí,Costa,Tecnología,Copiadoras,Copiadora Epson EcoTank L3250,4,0.0,31.44,2.52,690.19
187,AM-2026-0128,2025-11-06,2025-11-10,Estándar,CL-152,Paola Cárdenas,Corporativo,Cuenca,Azuay,Sierra,Mobiliario,Sillas,Silla plegable Rimax,6,0.0,141.24,11.29,636.82
188,AM-2026-0022,2025-09-21,2025-09-24,Primera Clase,CL-150,Verónica Cruz,PYME,Cuenca,Azuay,Sierra,Mobiliario,Mesas,Escritorio en L Maderkit,3,0.0,88.41,6.66,247.79
189,AM-2026-0390,2025-11-26,2025-11-29,Primera Clase,,,Corporativo,Sto. Domingo,Santo Domingo de los Tsáchilas,Costa,Tecnología,Copiadoras,Impresora HP Smart Tank 515,3,0.2,39.84,0.19,254.29
190,AM-2026-0240,2026-01-05,2026-01-08,Estándar,CL-141,José Cedeño,PYME,Quito,Pichincha,Sierra,Tecnología,Teléfonos,Samsung Galaxy A15,5,0.1,164.43,10.82,378.68
191,AM-2026-0349,2025-09-20,2025-09-27,Estándar,CL-150,Verónica Cruz,PYME,Guayaquil,Guayas,Costa,Suministros,Papelería,Carpetas manila x25,5,0.0,51.45,13.95,913.33
192,AM-2026-0371,2026-01-16,2026-01-18,Segunda Clase,CL-159,Óscar Bravo,PYME,Cuenca,Azuay,Sierra,Suministros,Papelería,Carpetas manila x25,7,0.2,28.62,1.51,476.34
193,AM-2026-0289,2026-02-01,2026-02-07,Mismo Día,CL-164,Sofía Arteaga,Corporativo,Guayaquil,Guayas,Costa,Suministros,Papelería,Carpetas manila x25,2,,33.61,2.07,33.61
194,AM-2026-0355,2026-08-26,2026-08-27,Segunda Clase,CL-166,Nadia Reinoso,Consumidor,Tena,Napo,Amazonía,Mobiliario,Mesas,Mesa de reuniones 180cm,7,0.0,49.84,0.9,431.62
195,AM-2026-0088,2026-08-14,2026-08-20,Estándar,CL-139,Héctor Anchundia,Consumidor,Santo Domingo,Santo Domingo de los Tsáchilas,Costa,Suministros,Archivadores,Caja archivo x10,1,0.0,85.69,15.52,424.63
196,AM-2026-0125,2026-02-27,2026-03-05,Primera Clase,CL-144,Carmen Vélez,PYME,Cuenca,Azuay,Sierra,Suministros,Arte,Marcadores Sharpie x12,1,0.0,12.62,5.34,1594.1
197,AM-2026-0236,2026-02-13,2026-02-16,Mismo Día,CL-141,José Cedeño,PYME,Guayaquil,Guayas,Costa,Tecnología,Teléfonos,Teléfono Nokia C32,1,0.0,18.27,4.91,688.54
198,AM-2026-0346,2026-03-02,2026-03-03,Estándar,CL-134,Marta Aguirre,Corporativo,Guayaquil,Guayas,Costa,Mobiliario,Libreros,Librero 5 repisas,3,0.0,109.56,9.04,219.96
199,AM-2026-0248,2026-07-15,2026-07-21,Mismo Día,CL-121,Hernán Cobo,Consumidor,Loja,Loja,Sierra,Suministros,Arte,Marcadores Sharpie x12,2,0.0,225.4,52.1,571.7
200,AM-2026-0403,2026-05-19,2026-05-24,Estándar,CL-178,Belén Cornejo,Consumidor,Guayaquil,Guayas,Costa,Suministros,Archivadores,Archivador Leitz A-Z,3,0.1,12.77,-0.74,40.07
201,AM-2026-0033,2026-02-28,2026-03-04,Segunda Clase,CL-161,Hernán Cobo,Corporativo,Quito,Pichincha,Sierra,Tecnología,Copiadoras,Copiadora Epson EcoTank L3250,2,0.2,164.91,-9999.0,918.1
202,AM-2026-0421,2026-04-13,2026-04-16,Segunda Clase,CL-176,Cynthia Baque,Corporativo,Loja,Loja,Sierra,Suministros,Archivadores,Caja archivo x10,7,,97.23,20.07,430.24
203,AM-2026-0145,2026-06-25,2026-06-28,Primera Clase,CL-171,Milton Cajas,PYME,Quito,Pichincha,Sierra,Mobiliario,Mesas,Mesa de reuniones 180cm,2,0.3,33.6,-7.58,1077.41
204,AM-2026-0003,2026-02-14,2026-02-17,Segunda Clase,CL-118,Marcela Yépez,Consumidor,Guayaquil,Guayas,Costa,Suministros,Papelería,Cuaderno universitario Norma,5,,20.89,-5.29,237.75
205,AM-2026-0415,2025-10-30,2025-11-04,Primera Clase,CL-104,Carmen Vélez,Corporativo,QUITO,Pichincha,Sierra,Tecnología,Copiadoras,Copiadora Epson EcoTank L3250,5,0.0,75.25,12.71,224.8
206,AM-2026-0019,2025-10-25,2025-10-29,Primera Clase,CL-140,María Salazar,Corporativo,quito,Pichincha,Sierra,Mobiliario,Mesas,Mesa de reuniones 180cm,4,,18.76,3.43,217.76
207,AM-2026-0005,2026-01-29,2026-01-31,Mismo Día,CL-124,Sofía Arteaga,Consumidor,Guayaquil,Guayas,Costa,Suministros,Arte,Cinta adhesiva Scotch x6,1,0.0,52.64,10.65,52.64
208,AM-2026-0414,2026-08-07,2026-08-10,Primera Clase,CL-102,Ana Tituaña,PYME,Loja,Loja,Sierra,Mobiliario,Mesas,Escritorio en L Maderkit,1,0.0,24.09,-1.96,175.55
209,AM-2026-0383,2026-06-26,2026-07-03,Primera Clase,CL-172,Priscila Vera,Consumidor,Santo Domingo,Santo Domingo de los Tsáchilas,Costa,Suministros,Papelería,Cuaderno universitario Norma,6,0.0,340.68,75.41,422.24
210,AM-2026-0178,2025-10-16,2025-10-23,Estándar,SIN-ID,,Corporativo,Quito,Pichincha,Sierra,Mobiliario,Mesas,Escritorio en L Maderkit,5,0.0,57.35,6.45,715.21
211,AM-2026-0258,2026-08-22,2026-08-29,Segunda Clase,CL-173,Wilson Chila,Corporativo,Portoviejo,Manabí,Costa,Tecnología,Teléfonos,Xiaomi Redmi 13,4,0.0,49.36,6.44,750.29
212,AM-2026-0014,2025-10-24,2025-10-27,Segunda Clase,CL-165,Patricio Alarcón,PYME,Guayaquil,Guayas,Costa,Suministros,Arte,Cinta adhesiva Scotch x6,4,0.0,305.12,66.62,821.93
213,AM-2026-0214,2026-04-29,2026-05-04,Segunda Clase,CL-102,Ana Tituaña,PYME,QUITO,Pichincha,Sierra,Mobiliario,Libreros,Librero 5 repisas,1,0.1,14.84,1.07,859.18
214,AM-2026-0248,2026-07-15,2026-07-21,Mismo Día,CL-121,Hernán Cobo,Consumidor,Loja,Loja,Sierra,Suministros,Archivadores,Caja archivo x10,4,0.1,83.63,11.95,571.7
215,AM-2026-0233,2026-04-12,2026-04-15,Estándar,,,PYME,Manta,Manabí,Costa,Tecnología,Accesorios,Teclado Genius KB-100,6,0.0,131.22,21.73,131.22
216,AM-2026-0303,2026-03-11,2026-03-12,Segunda Clase,CL-139,Héctor Anchundia,Consumidor,Machala,El Oro,Costa,Tecnología,Accesorios,Cargador Anker 20W,6,0.0,102.48,13.75,364.79
217,AM-2026-0106,2025-11-07,2025-11-08,Mismo Día,CL-175,Rodrigo Pinos,Consumidor,Guayaquil,Guayas,Costa,Mobiliario,Mesas,Escritorio en L Maderkit,4,0.0,"$115,96",8.21,115.96
218,AM-2026-0031,2026-08-06,2026-08-09,Segunda Clase,CL-159,Óscar Bravo,PYME,Loja,Loja,Sierra,Tecnología,Accesorios,Cargador Anker 20W,1,0.0,135.05,22.81,467.27
219,AM-2026-0322,2025-09-03,2025-09-07,Estándar,,,Corporativo,Guayaquil,Guayas,Costa,Tecnología,Copiadoras,Copiadora Epson EcoTank L3250,6,0.0,139.32,23.6,468.67
220,AM-2026-0044,2025-10-20,2025-10-24,Estándar,CL-111,Jorge Intriago,PYME,Machala,El Oro,Costa,Suministros,Papelería,Cuaderno universitario Norma,2,0.1,26.69,4.62,265.77
221,AM-2026-0338,2025-11-08,2025-11-15,Segunda Clase,CL-108,Rosa Chiriboga,PYME,Manta,Manabí,Costa,Suministros,Papelería,Resma papel A4 75g,3,0.2,18.1,1.91,637.14
222,AM-2026-0092,2025-11-22,2025-11-26,Segunda Clase,CL-110,Verónica Cruz,Corporativo,Cuenca,Azuay,Sierra,Mobiliario,Libreros,Librero 5 repisas,6,0.0,156.6,13.12,349.91
223,AM-2026-0413,2026-08-28,2026-09-01,Primera Clase,CL-140,María Salazar,Corporativo,Guayaquil,Guayas,Costa,Tecnología,Copiadoras,Impresora HP Smart Tank 515,3,0.0,104.7,17.05,174.41
224,AM-2026-0203,2026-02-22,2026-03-01,Estándar,CL-177,Iván Sarango,PYME,Cuenca,Azuay,Sierra,Suministros,Archivadores,Archivador Leitz A-Z,1,0.0,126.91,25.11,248.58
225,AM-2026-0182,2026-08-17,2026-08-18,Primera Clase,CL-144,Carmen Vélez,PYME,Cuenca,Azuay,Sierra,Tecnología,Copiadoras,Impresora HP Smart Tank 515,1,0.3,22.28,-0.3,148.28
226,AM-2026-0160,2026-02-22,2026-02-28,Mismo Día,CL-110,Verónica Cruz,Corporativo,Guayaquil,Guayas,Costa,Tecnología,Accesorios,Cargador Anker 20W,5,0.1,114.93,9.78,114.93
227,AM-2026-0303,2026-03-11,2026-03-12,Segunda Clase,CL-139,Héctor Anchundia,Consumidor,Machala,El Oro,Costa,Mobiliario,Sillas,Silla plegable Rimax,7,0.2,45.47,-2.76,364.79
228,AM-2026-0362,2025-09-14,2025-09-18,Estándar,CL-137,Iván Sarango,Corporativo,Cuenca,Azuay,Sierra,Suministros,Arte,Cinta adhesiva Scotch x6,7,0.0,111.58,23.86,498.49
229,AM-2026-0395,2026-04-06,2026-04-12,Primera Clase,CL-128,Elena Carrión,Corporativo,Guayaquil,Guayas,Costa,Mobiliario,Sillas,Silla ejecutiva Ofix,2,0.0,76.92,6.98,141.74
230,AM-2026-0215,2026-01-17,2026-01-21,Segunda Clase,CL-157,Esteban Riofrío,Consumidor,Quito,Pichincha,Sierra,Mobiliario,Libreros,Estante metálico Beta,6,0.0,140.4,10.12,347.0
231,AM-2026-0387,2026-07-14,2026-07-21,Mismo Día,CL-154,Gabriela Ponce,Consumidor,Quito,Pichincha,Sierra,Suministros,Archivadores,Caja archivo x10,2,0.0,168.66,36.09,181.38
232,AM-2026-0244,2026-01-16,2026-01-22,Mismo Día,CL-173,Wilson Chila,Corporativo,Guayaquil,Guayas,Costa,Suministros,Arte,Marcadores Sharpie x12,1,0.0,9.64,4.0,459.43
233,AM-2026-0036,2025-09-12,2025-09-17,Estándar,,,PYME,Guayaquil,,Costa,Suministros,Archivadores,Archivador Leitz A-Z,2,0.0,51.52,13.06,231.82
234,AM-2026-0190,2026-07-21,2026-07-25,Estándar,CL-124,Sofía Arteaga,Consumidor,Ambato,Tungurahua,Sierra,Suministros,Archivadores,Caja archivo x10,1,0.0,29.33,7.39,627.51
235,AM-2026-0126,2025-09-12,2025-09-16,Primera Clase,CL-111,Jorge Intriago,PYME,Guayaquil,Guayas,Costa,Suministros,Arte,Cinta adhesiva Scotch x6,6,0.0,307.08,66.54,390.27
236,AM-2026-0042,2026-08-18,2026-08-21,Estándar,CL-142,Ana Tituaña,PYME,Puerto Ayora,Galápagos,Galápagos,Suministros,Papelería,Resma papel A4 75g,2,0.0,74.9,16.48,187.4
237,AM-2026-0337,2026-06-29,2026-07-06,Segunda Clase,CL-139,Héctor Anchundia,Consumidor,Guayaquil,Guayas,Costa,Suministros,Papelería,Resma papel A4 75g,4,,92.57,-4.57,889.0
238,AM-2026-0017,2026-07-20,2026-07-25,Primera Clase,CL-170,Karla Bustamante,Corporativo,Quito,Pichincha,Sierra,Suministros,Arte,Marcadores Sharpie x12,2,0.0,109.36,24.99,109.36
239,AM-2026-0203,2026-02-22,2026-03-01,Estándar,CL-177,Iván Sarango,PYME,Cuenca,Azuay,Sierra,Suministros,Arte,Cinta adhesiva Scotch x6,5,0.0,27.45,5.07,248.58
240,AM-2026-0313,2026-01-14,2026-01-19,Estándar,CL-165,Patricio Alarcón,PYME,Tena,Napo,Amazonía,Tecnología,Accesorios,Audífonos JBL Tune,3,0.0,31.44,3.37,110.48
241,AM-2026-0198,2025-09-20,2025-09-21,Estándar,CL-154,Gabriela Ponce,Consumidor,Guayaquil,Guayas,Costa,Tecnología,Accesorios,Audífonos JBL Tune,1,0.0,17.82,-1.53,2616.36
242,AM-2026-0049,2025-11-10,2025-11-13,Mismo Día,CL-164,Sofía Arteaga,Corporativo,Guayaquil,Guayas,Costa,Suministros,Archivadores,Archivador Leitz A-Z,3,,119.76,26.74,523.4
243,AM-2026-0318,2026-06-09,2026-06-12,Segunda Clase,CL-120,Tatiana Mendoza,PYME,Guayaquil,Guayas,Costa,Tecnología,Copiadoras,Impresora HP Smart Tank 515,1,0.0,15.76,-0.7,22.78
244,AM-2026-0086,2026-03-28,2026-04-01,Segunda Clase,CL-102,Ana Tituaña,PYME,Quito,Pichincha,Sierra,Suministros,Arte,Marcadores Sharpie x12,2,0.1,172.51,23.17,1146.9
245,AM-2026-0019,2025-10-25,2025-10-29,Primera Clase,CL-140,María Salazar,Corporativo,Quito,Pichincha,Sierra,Mobiliario,Mesas,Escritorio en L Maderkit,5,0.0,199.0,17.04,217.76
246,AM-2026-0203,2026-02-22,2026-03-01,Estándar,CL-177,Iván Sarango,PYME,Cuenca,Azuay,Sierra,Suministros,Archivadores,Caja archivo x10,1,0.3,47.15,-2.01,248.58
247,AM-2026-0047,2026-03-30,2026-04-01,Estándar,CL-173,Wilson Chila,Corporativo,Machala,El Oro,Costa,Suministros,Papelería,Cuaderno universitario Norma,6,0.0,123.0,26.19,123.0
248,AM-2026-0037,2026-06-24,2026-06-26,Mismo Día,CL-117,Esteban Riofrío,PYME,Manta,,Costa,Mobiliario,Libreros,Librero 5 repisas,3,0.0,73.32,10.19,247.1
249,AM-2026-0136,2026-04-15,2026-04-17,Segunda Clase,CL-144,Carmen Vélez,PYME,Quito,Pichincha,Sierra,Mobiliario,Sillas,Silla plegable Rimax,2,0.0,26.72,4.05,653.13
250,AM-2026-0158,2026-06-30,2026-07-07,Mismo Día,CL-146,Lucía Espinoza,Corporativo,Guayaquil,Guayas,Costa,Suministros,Arte,Cinta adhesiva Scotch x6,1,0.0,10.08,3.14,372.17
251,AM-2026-0178,2025-10-16,2025-10-23,Estándar,CL-179,Héctor Anchundia,Corporativo,Quito,Pichincha,Sierra,Mobiliario,Mesas,Mesa de reuniones 180cm,4,0.0,69.56,6.26,715.21
252,AM-2026-0094,2026-01-27,2026-01-28,Segunda Clase,,,PYME,Cuenca,Azuay,Sierra,Suministros,Arte,Marcadores Sharpie x12,2,0.1,86.26,9.3,86.26
253,AM-2026-0346,2026-03-02,2026-03-03,Estándar,CL-134,Marta Aguirre,Corporativo,Guayaquil,Guayas,Costa,Tecnología,Copiadoras,Copiadora Epson EcoTank L3250,4,,49.76,3.97,219.96
254,AM-2026-0036,2025-09-12,2025-09-17,Estándar,CL-120,Tatiana Mendoza,PYME,Guayaquil,Guayas,Costa,Suministros,Arte,Cinta adhesiva Scotch x6,6,0.0,180.3,38.84,231.82
255,AM-2026-0081,2026-06-27,2026-07-02,Estándar,CL-132,Priscila Vera,PYME,Manta,Manabí,Costa,Mobiliario,Mesas,Mesa de reuniones 180cm,7,0.0,31.43,2.32,330.64
256,AM-2026-0014,2025-10-24,2025-10-27,Segunda Clase,CL-165,Patricio Alarcón,PYME,Guayaquil,Guayas,Costa,Suministros,Arte,Cinta adhesiva Scotch x6,5,0.2,47.16,-0.96,821.93
257,AM-2026-0287,2026-03-03,2026-03-07,Mismo Día,CL-127,Gustavo Palma,Consumidor,QUITO,Pichincha,Sierra,Tecnología,Copiadoras,Copiadora Epson EcoTank L3250,3,0.0,44.61,5.86,204.55
258,AM-2026-0410,2026-05-19,2026-05-22,Estándar,CL-118,Marcela Yépez,Consumidor,Quito,Pichincha,Sierra,Tecnología,Teléfonos,Teléfono Nokia C32,5,,102.4,14.71,1147.11
259,AM-2026-0225,2025-11-12,2025-11-17,Mismo Día,CL-109,Andrés Molina,Consumidor,Ambato,Tungurahua,Sierra,Mobiliario,Libreros,Librero 5 repisas,1,0.1,32.66,-0.66,97.68
260,AM-2026-0371,2026-01-16,2026-01-18,Segunda Clase,CL-159,Óscar Bravo,PYME,Cuenca,Azuay,Sierra,Suministros,Arte,Cinta adhesiva Scotch x6,5,0.2,159.88,5.3,476.34
261,AM-2026-0299,2026-08-22,2026-08-28,Primera Clase,CL-123,Byron Toapanta,PYME,Ambato,Tungurahua,Sierra,Mobiliario,Sillas,Silla plegable Rimax,4,0.2,37.15,-5.03,972.09
262,AM-2026-0259,2025-12-28,2026-01-01,Mismo Día,CL-163,Byron Toapanta,Consumidor,Loja,Loja,Sierra,Tecnología,Teléfonos,Teléfono Nokia C32,2,0.0,99.88,16.53,161.3
263,AM-2026-0004,2025-09-20,2025-09-22,Primera Clase,CL-128,Elena Carrión,Corporativo,Guayaquil,Guayas,Costa,Suministros,Arte,Marcadores Sharpie x12,3,,82.92,1.45,417.91
264,AM-2026-0122,2025-09-27,2025-09-24,Segunda Clase,CL-130,Karla Bustamante,Consumidor,Quito,Pichincha,Sierra,Mobiliario,Sillas,Silla ejecutiva Ofix,6,0.0,208.2,15.06,1112.65
265,AM-2026-0269,2025-11-14,2025-11-20,Segunda Clase,SIN-ID,,Corporativo,Cuenca,Azuay,Sierra,Suministros,Papelería,Resma papel A4 75g,2,0.2,134.21,8.27,187.92
266,AM-2026-0217,2025-10-29,2025-10-30,Mismo Día,CL-158,Marcela Yépez,Corporativo,Guayaquil,Guayas,Costa,Mobiliario,Sillas,Silla ejecutiva Ofix,1,0.0,65.74,4.5,546.4
267,AM-2026-0338,2025-11-08,2025-11-15,Segunda Clase,CL-108,Rosa Chiriboga,PYME,Manta,Manabí,Costa,Suministros,Papelería,Resma papel A4 75g,5,0.1,158.35,19.0,637.14
268,AM-2026-0205,2026-01-17,2026-01-20,Segunda Clase,CL-124,Sofía Arteaga,Consumidor,Quito,Pichincha,Sierra,Suministros,Papelería,Resma papel A4 75g,7,0.0,145.6,32.98,971.12
269,AM-2026-0191,2026-03-29,2026-04-02,Estándar,CL-126,Nadia Reinoso,PYME,Manta,Manabí,Costa,Mobiliario,Libreros,Estante metálico Beta,4,0.0,143.16,8.73,934.02
270,AM-2026-0205,2026-01-17,2026-01-20,Segunda Clase,CL-124,Sofía Arteaga,Consumidor,Quito,Pichincha,Sierra,Suministros,Arte,Cinta adhesiva Scotch x6,6,0.2,552.72,24.56,971.12
271,AM-2026-0115,2025-12-15,2025-12-17,Primera Clase,CL-126,Nadia Reinoso,PYME,Guayaquil,Guayas,Costa,Mobiliario,Mesas,Escritorio en L Maderkit,5,0.3,"$210,46",-40.19,888.64
272,AM-2026-0243,2026-03-10,2026-03-15,Estándar,CL-164,Sofía Arteaga,Corporativo,Guayaquil,Guayas,Costa,Suministros,Arte,Marcadores Sharpie x12,2,0.0,191.5,43.67,813.08
273,AM-2026-0324,2026-07-27,2026-07-29,Mismo Día,CL-163,Byron Toapanta,Consumidor,Loja,Loja,Sierra,Mobiliario,Mesas,Mesa de reuniones 180cm,7,,88.69,7.1,416.46
274,AM-2026-0137,01/11/2025,07/11/2025,Segunda Clase,CL-158,Marcela Yépez,Corporativo,Guayaquil,Guayas,Costa,Suministros,Papelería,Carpetas manila x25,3,0.0,129.84,26.24,723.34
275,AM-2026-0260,2025-10-23,2025-10-24,Segunda Clase,CL-150,Verónica Cruz,PYME,Quito,Pichincha,Sierra,Tecnología,Accesorios,Teclado Genius KB-100,5,0.0,122.2,21.26,277.78
276,AM-2026-0123,2026-02-08,2026-02-10,Segunda Clase,CL-166,Nadia Reinoso,Consumidor,Cuenca,Azuay,Sierra,Suministros,Arte,Cinta adhesiva Scotch x6,7,0.0,138.74,31.06,451.59
277,AM-2026-0226,2026-04-09,2026-04-13,Estándar,CL-163,Byron Toapanta,Consumidor,Quito,Pichincha,Sierra,Mobiliario,Mesas,Mesa de reuniones 180cm,6,0.0,891.78,72.7,1259.46
278,AM-2026-0085,2026-04-25,2026-05-02,Segunda Clase,CL-148,Rosa Chiriboga,Consumidor,Ambato,Tungurahua,Sierra,Mobiliario,Libreros,Estante metálico Beta,4,0.1,19.76,-3.23,377.77
279,AM-2026-0296,2025-11-21,2025-11-24,Segunda Clase,CL-171,Milton Cajas,PYME,Ambato,Tungurahua,Sierra,Suministros,Archivadores,Caja archivo x10,2,0.1,36.04,5.15,200.32
280,AM-2026-0124,2025-12-03,2025-12-04,Segunda Clase,CL-137,Iván Sarango,Corporativo,Quito,Pichincha,Sierra,Tecnología,Accesorios,Teclado Genius KB-100,6,0.1,223.07,17.78,535.64
281,AM-2026-0186,2026-05-22,2026-05-24,Mismo Día,CL-124,Sofía Arteaga,Consumidor,Manta,Manabí,Costa,Suministros,Arte,Cinta adhesiva Scotch x6,4,,248.12,52.97,454.89
282,AM-2026-0178,2025-10-16,2025-10-23,Estándar,CL-179,Héctor Anchundia,Corporativo,QUITO,Pichincha,Sierra,Suministros,Papelería,Carpetas manila x25,6,0.1,271.89,34.94,715.21
283,AM-2026-0285,20/06/2026,27/06/2026,Estándar,CL-156,Daniela Loor,PYME,Guayaquil,Guayas,Costa,Suministros,Archivadores,Archivador Leitz A-Z,3,0.2,123.7,4.0,490.11
284,AM-2026-0281,2026-01-21,2026-01-22,Segunda Clase,CL-132,Priscila Vera,PYME,Guayaquil,Guayas,Costa,Suministros,Papelería,Cuaderno universitario Norma,1,0.0,58.64,15.31,566.6
285,AM-2026-0074,2026-04-06,2026-04-08,Segunda Clase,CL-141,José Cedeño,PYME,Manta,Manabí,Costa,Suministros,Papelería,Resma papel A4 75g,2,0.0,15.34,3.7,15.34
286,AM-2026-0292,2025-12-30,2026-01-01,Primera Clase,CL-119,Óscar Bravo,Corporativo,Cuenca,Azuay,Sierra,Tecnología,Teléfonos,Xiaomi Redmi 13,5,0.1,38.34,3.71,152.09
287,AM-2026-0230,2026-08-05,2026-08-09,Primera Clase,CL-160,Tatiana Mendoza,Consumidor,Guayaquil,Guayas,Costa,Mobiliario,Sillas,Silla plegable Rimax,3,,51.96,4.22,2774.27
288,AM-2026-0247,2026-02-09,2026-02-11,Segunda Clase,CL-144,Carmen Vélez,PYME,Quito,Pichincha,Sierra,Mobiliario,Mesas,Escritorio en L Maderkit,1,,44.57,2.51,44.57
289,AM-2026-0162,2026-01-05,2026-01-07,Estándar,CL-128,Elena Carrión,Corporativo,Manta,Manabí,Costa,Tecnología,Accesorios,Mouse Logitech M170,7,0.2,108.58,1.14,701.74
290,AM-2026-0364,2025-09-26,2025-09-28,Segunda Clase,SIN-ID,,Corporativo,Quito,Pichincha,Sierra,Suministros,Archivadores,Caja archivo x10,6,0.2,81.36,4.69,581.06
291,AM-2026-0200,2026-04-23,2026-04-26,Segunda Clase,CL-119,Óscar Bravo,Corporativo,quito,Pichincha,Sierra,Mobiliario,Sillas,Silla ejecutiva Ofix,3,0.0,56.04,5.4,56.04
292,AM-2026-0254,2026-04-25,2026-04-30,Primera Clase,,,Consumidor,Guayaquil,Guayas,Costa,Suministros,Arte,Marcadores Sharpie x12,5,0.1,388.26,51.13,605.82
293,AM-2026-0347,2026-06-21,2026-06-27,Segunda Clase,CL-113,Francisco Mera,Corporativo,Guayaquil,Guayas,Costa,Tecnología,Teléfonos,Xiaomi Redmi 13,4,0.2,23.14,-0.7,548.67
294,AM-2026-0165,2026-08-30,2026-09-06,Segunda Clase,CL-159,Óscar Bravo,PYME,Tena,Napo,Amazonía,Mobiliario,Libreros,Estante metálico Beta,3,0.0,34.44,-0.38,380.9
295,AM-2026-0191,2026-03-29,2026-04-02,Estándar,CL-126,Nadia Reinoso,PYME,Manta,Manabí,Costa,Suministros,Arte,Marcadores Sharpie x12,3,0.0,43.62,8.61,934.02
296,AM-2026-0113,2026-01-19,2026-01-21,Segunda Clase,CL-158,Marcela Yépez,Corporativo,Loja,Loja,Sierra,Tecnología,Copiadoras,Impresora HP Smart Tank 515,1,0.0,"$268,56",41.13,455.86
297,AM-2026-0186,2026-05-22,2026-05-24,Mismo Día,CL-124,Sofía Arteaga,Consumidor,Manta,Manabí,Costa,Suministros,Papelería,Resma papel A4 75g,2,0.3,46.17,1.75,454.89
298,AM-2026-0369,25/09/2025,29/09/2025,Primera Clase,CL-132,Priscila Vera,PYME,Quito,Pichincha,Sierra,Tecnología,Accesorios,Mouse Logitech M170,6,0.0,317.94,52.32,692.49
299,AM-2026-0059,2025-12-12,2025-12-15,Mismo Día,CL-145,Pedro Guamán,Consumidor,Portoviejo,Manabí,Costa,Suministros,Papelería,Cuaderno universitario Norma,4,0.0,328.64,73.88,926.68
300,AM-2026-0122,2025-09-27,2025-10-04,Segunda Clase,CL-130,Karla Bustamante,Consumidor, Quito,Pichincha,Sierra,Suministros,Papelería,Resma papel A4 75g,2,0.0,24.94,3.11,1112.65
301,AM-2026-0427,2025-11-04,2025-11-05,Estándar,CL-171,Milton Cajas,PYME,Puerto Ayora,Galápagos,Galápagos,Mobiliario,Sillas,Silla plegable Rimax,3,0.0,49.26,1.28,458.05
302,AM-2026-0054,2026-08-05,2026-08-08,Segunda Clase,CL-128,Elena Carrión,Corporativo,Quito,Pichincha,Sierra,Suministros,Papelería,Carpetas manila x25,1,0.2,21.04,1.13,173.49
303,AM-2026-0059,2025-12-12,2025-12-15,Mismo Día,CL-145,Pedro Guamán,Consumidor,Portoviejo,Manabí,Costa,Tecnología,Teléfonos,Xiaomi Redmi 13,5,0.0,147.85,20.29,926.68
304,AM-2026-0341,2025-12-28,2025-12-31,Segunda Clase,CL-101,José Cedeño,Corporativo,Quito,Pichincha,Sierra,Suministros,Archivadores,Archivador Leitz A-Z,2,0.0,62.58,10.8,62.58
305,AM-2026-0184,2026-05-28,2026-05-29,Primera Clase,CL-107,Diego Paredes,Corporativo,Guayaquil,Guayas,Costa,Mobiliario,Libreros,Estante metálico Beta,3,0.0,"$45,09",3.35,125.06
306,AM-2026-0430,2026-07-13,2026-07-17,Segunda Clase,CL-154,Gabriela Ponce,Consumidor,Ambato,Tungurahua,Sierra,Mobiliario,Sillas,Silla ejecutiva Ofix,1,0.0,6.62,-1.24,102.82
307,AM-2026-0309,2026-03-03,2026-03-10,Estándar,CL-118,Marcela Yépez,Consumidor,Quito,Pichincha,Sierra,Mobiliario,Sillas,Silla plegable Rimax,1,0.0,157.46,12.41,568.74
308,AM-2026-0323,2026-07-09,2026-07-12,Estándar,,,Consumidor,Manta,Manabí,Costa,Tecnología,Copiadoras,Copiadora Epson EcoTank L3250,4,0.3,151.56,-14.25,457.22
309,AM-2026-0417,30/07/2026,02/08/2026,Estándar,CL-170,Karla Bustamante,Corporativo,Guayaquil,Guayas,Costa,Mobiliario,Libreros,Librero 5 repisas,1,0.0,99.13,6.46,99.13
310,AM-2026-0262,2025-09-13,2025-09-18,Estándar,CL-144,Carmen Vélez,PYME,Santo Domingo,Santo Domingo de los Tsáchilas,Costa,Suministros,Papelería,Carpetas manila x25,4,0.0,187.88,40.56,1327.1
311,AM-2026-0082,2025-10-08,2025-10-11,Mismo Día,CL-110,Verónica Cruz,Corporativo,Ambato,Tungurahua,Sierra,Tecnología,Teléfonos,Teléfono Nokia C32,1,,54.28,7.65,485.6
312,AM-2026-0171,2026-07-20,2026-07-24,Segunda Clase,CL-154,Gabriela Ponce,Consumidor,Quito,Pichincha,Sierra,Mobiliario,Sillas,Silla ejecutiva Ofix,2,,41.49,1.22,100.01
313,AM-2026-0362,2025-09-14,2025-09-18,Estándar,CL-137,Iván Sarango,Corporativo,Cuenca,Azuay,Sierra,Tecnología,Copiadoras,Impresora HP Smart Tank 515,3,0.3,39.88,-2.14,498.49
314,AM-2026-0125,2026-02-27,2026-03-05,Primera Clase,CL-144,Carmen Vélez,PYME,Cuenca,Azuay,Sierra,Tecnología,Copiadoras,Copiadora Epson EcoTank L3250,6,0.0,1167.3,187.05,1594.1
315,AM-2026-0411,2026-08-22,2026-08-28,Segunda Clase,CL-107,Diego Paredes,Corporativo,Cuenca,Azuay,Sierra,Suministros,Arte,Marcadores Sharpie x12,7,0.0,183.89,42.87,183.89
316,AM-2026-0178,16/10/2025,23/10/2025,Estándar,CL-179,Héctor Anchundia,Corporativo,Quito,Pichincha,Sierra,Tecnología,Accesorios,Cargador Anker 20W,4,0.0,63.76,10.32,715.21
317,AM-2026-0199,2025-12-30,2026-01-02,Estándar,CL-145,Pedro Guamán,Consumidor,Cuenca,Azuay,Sierra,Suministros,Archivadores,Archivador Leitz A-Z,1,0.0,20.17,2.23,657.8
318,AM-2026-0310,2025-09-22,2025-09-25,Primera Clase,CL-127,Gustavo Palma,Consumidor,Cuenca,Azuay,Sierra,Tecnología,Teléfonos,Xiaomi Redmi 13,6,,85.34,-4.14,161.39
319,AM-2026-0098,2025-11-23,2025-11-27,Mismo Día,CL-106,Lucía Espinoza,Consumidor,Loja,Loja,Sierra,Suministros,Archivadores,Caja archivo x10,1,,13.99,5.87,185.26
320,AM-2026-0146,2025-12-21,2025-12-26,Mismo Día,CL-142,Ana Tituaña,Consumidor,Guayaquil,Guayas,Costa,Mobiliario,Libreros,Librero 5 repisas,5,0.0,158.3,13.2,441.66
321,AM-2026-0405,2026-01-18,2026-01-21,Primera Clase,CL-159,Óscar Bravo,PYME,Guayaquil,Guayas,Costa,Suministros,Arte,Cinta adhesiva Scotch x6,1,0.0,24.07,6.09,344.7
322,AM-2026-0159,2026-08-15,2026-08-21,Primera Clase,CL-101,José Cedeño,Corporativo,Guayaquil,Guayas,Costa,Mobiliario,Sillas,Silla ejecutiva Ofix,7,,126.84,-12.82,931.51
323,AM-2026-0008,2026-04-25,2026-05-01,Mismo Día,CL-119,Óscar Bravo,Corporativo,Guayaquil,Guayas,Costa,Mobiliario,Libreros,Estante metálico Beta,6,0.0,45.72,4.85,128.25
324,AM-2026-0237,2026-08-24,2026-08-25,Mismo Día,CL-105,Pedro Guamán,PYME,Guayaquil,Guayas,Costa,Tecnología,Copiadoras,Copiadora Epson EcoTank L3250,1,0.0,12.38,2.79,132.95
325,AM-2026-0129,20/07/2026,23/07/2026,Estándar,CL-144,Carmen Vélez,PYME,Quito,Pichincha,Sierra,Tecnología,Copiadoras,Impresora HP Smart Tank 515,3,,59.28,6.07,188.93
326,AM-2026-0132,2026-05-10,2026-05-13,Segunda Clase,CL-115,Ramiro Quishpe,Consumidor,Quito,Pichincha,Sierra,Suministros,Papelería,Resma papel A4 75g,5,0.0,67.2,14.25,106.79
327,AM-2026-0296,2025-11-21,2025-11-24,Segunda Clase,CL-171,Milton Cajas,PYME,Ambato,Tungurahua,Sierra,Mobiliario,Mesas,Mesa de reuniones 180cm,3,0.3,34.92,-4.42,200.32
328,AM-2026-0290,2026-04-08,2026-04-09,Mismo Día,CL-130,Karla Bustamante,Consumidor,Cuenca,Azuay,Sierra,Tecnología,Teléfonos,Samsung Galaxy A15,1,0.1,8.53,0.9,52.72
329,AM-2026-0264,2025-09-29,2025-10-04,Primera Clase,CL-170,Karla Bustamante,Corporativo,Manta,Manabí,Costa,Tecnología,Teléfonos,Xiaomi Redmi 13,7,0.1,128.71,8.01,476.55
330,AM-2026-0291,2025-10-19,2025-10-21,Primera Clase,CL-135,Rodrigo Pinos,PYME,Guayaquil,Guayas,Costa,Suministros,Arte,Cinta adhesiva Scotch x6,6,0.0,305.7,66.16,699.23
331,AM-2026-0316,2025-09-16,2025-09-20,Segunda Clase,CL-101,José Cedeño,Corporativo,quito,Pichincha,Sierra,Mobiliario,Libreros,Estante metálico Beta,5,0.0,106.15,9.14,684.35
332,AM-2026-0205,2026-01-17,2026-01-20,Segunda Clase,CL-124,Sofía Arteaga,Consumidor,quito,Pichincha,Sierra,Suministros,Arte,Marcadores Sharpie x12,2,0.1,211.01,29.03,971.12
333,AM-2026-0281,2026-01-21,2026-01-22,Segunda Clase,CL-132,Priscila Vera,PYME,Guayaquil,Guayas,Costa,Tecnología,Teléfonos,Teléfono Nokia C32,6,0.0,266.82,45.67,566.6
334,AM-2026-0377,2026-05-17,2026-05-24,Estándar,CL-116,Daniela Loor,Corporativo,Cuenca,Azuay,Sierra,Suministros,Papelería,Resma papel A4 75g,7,0.0,94.01,20.18,265.27
335,AM-2026-0160,2026-02-22,2026-02-28,Mismo Día,CL-110,Verónica Cruz,Corporativo,Guayaquil,Guayas,Costa,Tecnología,Accesorios,Cargador Anker 20W,5,0.1,114.93,9.78,114.93
336,AM-2026-0239,2026-08-07,2026-08-14,Estándar,CL-170,Karla Bustamante,Corporativo,Quito,Pichincha,Sierra,Mobiliario,Libreros,Estante metálico Beta,2,,52.18,4.57,564.62
337,AM-2026-0119,2026-08-05,2026-08-06,Mismo Día,,,Corporativo,Sto. Domingo,Santo Domingo de los Tsáchilas,Costa,Tecnología,Accesorios,Teclado Genius KB-100,2,0.0,92.76,14.25,449.57
338,AM-2026-0085,2026-04-25,2026-05-02,Segunda Clase,CL-148,Rosa Chiriboga,Consumidor,Ambato,Tungurahua,Sierra,Mobiliario,Mesas,Mesa de reuniones 180cm,5,0.0,190.15,18.21,377.77
339,AM-2026-0057,2026-05-25,2026-05-30,Primera Clase,CL-103,Luis Zambrano,Consumidor,Loja,Loja,Sierra,Tecnología,Copiadoras,Copiadora Epson EcoTank L3250,1,0.1,21.07,2.04,167.03
340,AM-2026-0062,2025-11-17,2025-11-18,Segunda Clase,CL-161,Hernán Cobo,Corporativo,Guayaquil,Guayas,Costa,Suministros,Papelería,Carpetas manila x25,3,0.0,"$89,94",17.53,101.16
341,AM-2026-0326,2025-10-26,2025-10-27,Estándar,CL-138,Belén Cornejo,PYME,Manta,Manabí,Costa,Suministros,Papelería,Carpetas manila x25,2,0.0,40.64,9.24,508.65
342,AM-2026-0026,2026-06-18,2026-06-25,Primera Clase,CL-149,Andrés Molina,Corporativo,Quito,Pichincha,Sierra,Mobiliario,Sillas,Silla plegable Rimax,6,,178.08,16.07,1203.02
343,AM-2026-0188,2026-05-13,2026-05-20,Primera Clase,CL-175,Rodrigo Pinos,Consumidor,Quito,Pichincha,Sierra,Tecnología,Teléfonos,Teléfono Nokia C32,3,0.0,300.81,51.52,535.74
344,AM-2026-0208,2026-06-03,2026-06-09,Estándar,CL-168,Elena Carrión,PYME,Quito,Pichincha,Sierra,Mobiliario,Libreros,Librero 5 repisas,7,0.0,156.66,13.54,261.99
345,AM-2026-0063,2026-03-08,2026-03-10,Estándar,CL-154,Gabriela Ponce,Consumidor,Guayaquil,Guayas,Costa,Tecnología,Accesorios,Cargador Anker 20W,7,,96.39,14.72,255.71
346,AM-2026-0194,2025-09-22,2025-09-24,Estándar,CL-121,Hernán Cobo,Consumidor,Quito,Pichincha,Sierra,Suministros,Arte,Cinta adhesiva Scotch x6,2,0.0,50.52,10.17,351.29
347,AM-2026-0062,2025-11-17,2025-11-18,Segunda Clase,CL-161,Hernán Cobo,Corporativo,Guayaquil,Guayas,Costa,Mobiliario,Libreros,Estante metálico Beta,1,0.0,11.22,2.61,101.16
348,AM-2026-0095,2025-09-03,2025-09-05,Segunda Clase,CL-173,Wilson Chila,Corporativo,Ambato,Tungurahua,Sierra,Tecnología,Teléfonos,Xiaomi Redmi 13,6,,323.18,-8.68,1190.6
349,AM-2026-0343,2026-05-09,2026-05-16,Primera Clase,CL-160,Tatiana Mendoza,Consumidor,Guayaquil,Guayas,Costa,Tecnología,Teléfonos,Samsung Galaxy A15,6,0.0,"$90,42",17.12,903.18
350,AM-2026-0222,2025-09-03,2025-09-07,Estándar,SIN-ID,,Corporativo,Loja,Loja,Sierra,Mobiliario,Mesas,Mesa de reuniones 180cm,2,0.0,120.68,10.06,278.99
351,AM-2026-0097,2026-03-30,2026-03-31,Mismo Día,CL-130,Karla Bustamante,Consumidor,Quito,Pichincha,Sierra,Mobiliario,Mesas,Escritorio en L Maderkit,7,,98.56,8.7,1069.38
352,AM-2026-0201,2026-01-03,2026-01-04,Estándar,,,Corporativo,Guayaquil,Guayas,Costa,Suministros,Arte,Cinta adhesiva Scotch x6,3,0.2,96.46,8.8,926.59
353,AM-2026-0137,2025-11-01,2025-11-07,Segunda Clase,CL-158,Marcela Yépez,Corporativo,Guayaquil,Guayas,Costa,Mobiliario,Mesas,Mesa de reuniones 180cm,1,0.0,29.13,5.61,723.34
354,AM-2026-0258,2026-08-22,2026-08-29,Segunda Clase,CL-173,Wilson Chila,Corporativo,Portoviejo,Manabí,Costa,Mobiliario,Sillas,Silla ejecutiva Ofix,7,0.0,239.47,17.23,750.29
355,AM-2026-0152,23/07/2026,30/07/2026,Segunda Clase,CL-127,Gustavo Palma,Consumidor,Quito,Pichincha,Sierra,Tecnología,Copiadoras,Impresora HP Smart Tank 515,2,0.3,31.65,1.13,31.65
356,AM-2026-0329,2026-03-19,2026-03-23,Primera Clase,CL-116,Daniela Loor,Corporativo,Quito,Pichincha,Sierra,Suministros,Archivadores,Archivador Leitz A-Z,4,0.1,493.24,62.75,570.01
357,AM-2026-0014,2025-10-24,2025-10-27,Segunda Clase,CL-165,Patricio Alarcón,PYME,Guayaquil,Guayas,Costa,Tecnología,Copiadoras,Impresora HP Smart Tank 515,2,0.0,321.88,50.57,821.93
358,AM-2026-0305,2026-06-04,2026-06-08,Estándar,CL-147,Diego Paredes,PYME,Cuenca,Azuay,Sierra,Suministros,Archivadores,Caja archivo x10,2,0.0,13.84,3.68,890.39
359,AM-2026-0347,2026-06-21,2026-06-27,Segunda Clase,CL-113,Francisco Mera,Corporativo,Guayaquil,Guayas,Costa,Tecnología,Teléfonos,Xiaomi Redmi 13,6,0.1,376.65,24.7,548.67
360,AM-2026-0349,2025-09-20,2025-09-27,Estándar,CL-150,Verónica Cruz,PYME,Guayaquil,Guayas,Costa,Suministros,Arte,Marcadores Sharpie x12,7,0.0,90.02,21.86,913.33
361,AM-2026-0051,2025-09-03,2025-09-08,Estándar,CL-170,Karla Bustamante,Corporativo,Manta,Manabí,Costa,Suministros,Papelería,Resma papel A4 75g,3,0.0,151.47,34.11,474.88
362,AM-2026-0355,2026-08-26,2026-08-27,Segunda Clase,CL-166,Nadia Reinoso,Consumidor,Tena,Napo,Amazonía,Suministros,Papelería,Cuaderno universitario Norma,3,0.3,"$23,92",1.07,431.62
363,AM-2026-0013,2026-07-09,2026-07-10,Mismo Día,CL-149,Andrés Molina,Corporativo, Quito,Pichincha,Sierra,Mobiliario,Sillas,Silla plegable Rimax,3,0.3,213.99,-9999.0,288.26
364,AM-2026-0105,2026-06-16,2026-06-21,Mismo Día,CL-154,Gabriela Ponce,Consumidor,Guayaquil,Guayas,Costa,Mobiliario,Libreros,Librero 5 repisas,5,,75.15,4.59,2209.04
365,AM-2026-0318,2026-06-09,2026-06-12,Segunda Clase,CL-120,Tatiana Mendoza,PYME,Guayaquil,Guayas,Costa,Suministros,Arte,Cinta adhesiva Scotch x6,2,0.0,7.02,1.61,22.78
366,AM-2026-0381,2026-03-17,2026-03-22,Mismo Día,CL-161,Hernán Cobo,Corporativo,Machala,El Oro,Costa,Suministros,Papelería,Resma papel A4 75g,7,0.0,62.23,16.04,806.45
367,AM-2026-0163,2026-01-21,2026-01-28,Segunda Clase,CL-135,Rodrigo Pinos,PYME,Guayaquil,Guayas,Costa,Mobiliario,Mesas,Mesa de reuniones 180cm,3,0.0,75.6,5.0,102.64
368,AM-2026-0096,25/07/2026,28/07/2026,Estándar,CL-127,Gustavo Palma,Consumidor,Ambato,Tungurahua,Sierra,Tecnología,Teléfonos,Teléfono Nokia C32,5,0.3,179.86,-19.53,438.46
369,AM-2026-0127,2026-05-11,2026-05-12,Primera Clase,CL-132,Priscila Vera,PYME,Ambato,Tungurahua,Sierra,Tecnología,Teléfonos,Teléfono Nokia C32,1,,30.83,-1.7,865.81
370,AM-2026-0384,2026-03-15,2026-03-21,Primera Clase,CL-104,Carmen Vélez,Corporativo,Guayaquil,,Costa,Mobiliario,Mesas,Escritorio en L Maderkit,6,0.0,909.42,72.95,1503.41
371,AM-2026-0061,2025-09-08,2025-09-11,Mismo Día,CL-141,José Cedeño,PYME,Guayaquil,Guayas,Costa,Mobiliario,Mesas,Mesa de reuniones 180cm,1,0.3,"$14,40",-2.91,14.4
372,AM-2026-0215,2026-01-17,2026-01-21,Segunda Clase,CL-157,Esteban Riofrío,Consumidor,Quito,Pichincha,Sierra,Tecnología,Accesorios,Teclado Genius KB-100,4,0.1,114.95,6.43,347.0
373,AM-2026-0026,2026-06-18,2026-06-25,Primera Clase,CL-149,Andrés Molina,Corporativo,Quito,Pichincha,Sierra,Suministros,Archivadores,Caja archivo x10,2,0.0,143.62,31.24,1203.02
374,AM-2026-0171,2026-07-20,2026-07-24,Segunda Clase,CL-154,Gabriela Ponce,Consumidor,Quito,Pichincha,Sierra,Suministros,Archivadores,Caja archivo x10,7,0.0,58.52,13.33,100.01
375,AM-2026-0276,2026-06-29,2026-07-01,Primera Clase,CL-178,Belén Cornejo,Consumidor,Santo Domingo,Santo Domingo de los Tsáchilas,Costa,Suministros,Arte,Marcadores Sharpie x12,6,0.1,59.83,7.52,1495.97
376,AM-2026-0388,2026-03-30,2026-04-04,Segunda Clase,CL-138,Belén Cornejo,PYME,Guayaquil,Guayas,Costa,Suministros,Arte,Marcadores Sharpie x12,6,0.1,99.52,14.72,106.12
377,AM-2026-0333,2025-10-16,2025-10-22,Mismo Día,CL-163,Byron Toapanta,Consumidor,Guayaquil,Guayas,Costa,Mobiliario,Sillas,Silla plegable Rimax,5,,61.02,-0.66,530.39
378,AM-2026-0354,2026-08-04,2026-08-09,Mismo Día,,,PYME,Guayaquil,Guayas,Costa,Tecnología,Teléfonos,Samsung Galaxy A15,2,0.1,69.34,4.89,301.52
379,AM-2026-0414,2026-08-07,2026-08-10,Primera Clase,,,PYME,Loja,Loja,Sierra,Tecnología,Accesorios,Cargador Anker 20W,4,0.0,94.8,13.86,175.55
380,AM-2026-0042,2026-08-18,2026-08-21,Estándar,CL-142,Ana Tituaña,PYME,Puerto Ayora,Galápagos,Galápagos,Tecnología,Accesorios,Mouse Logitech M170,2,0.0,41.2,6.59,187.4
381,AM-2026-0158,2026-06-30,2026-07-07,Mismo Día,,,Corporativo,Guayaquil,Guayas,Costa,Suministros,Arte,Marcadores Sharpie x12,7,0.0,138.53,30.1,372.17
382,AM-2026-0343,2026-05-09,2026-05-16,Primera Clase,CL-160,Tatiana Mendoza,Consumidor,Guayaquil,Guayas,Costa,Mobiliario,Mesas,Escritorio en L Maderkit,6,0.0,438.72,29.49,903.18
383,AM-2026-0110,2026-08-04,2026-08-07,Estándar,CL-171,Milton Cajas,PYME,Manta,,Costa,Suministros,Archivadores,Archivador Leitz A-Z,1,0.0,110.87,24.29,773.68
384,AM-2026-0349,2025-09-20,2025-09-27,Estándar,CL-150,Verónica Cruz,PYME,Guayaquil,Guayas,Costa,Suministros,Papelería,Cuaderno universitario Norma,7,0.3,456.44,-20.72,913.33
385,AM-2026-0372,2026-06-14,2026-06-15,Primera Clase,,,Corporativo,Machala,El Oro,Costa,Suministros,Arte,Marcadores Sharpie x12,4,0.1,164.38,25.61,379.46
386,AM-2026-0002,2026-02-01,2026-02-05,Mismo Día,CL-169,Fabián Ortiz,Consumidor,Guayaquil,Guayas,Costa,Suministros,Papelería,Carpetas manila x25,5,0.0,197.55,42.28,378.68
387,AM-2026-0262,2025-09-13,2025-09-18,Estándar,CL-144,Carmen Vélez,PYME,Santo Domingo,Santo Domingo de los Tsáchilas,Costa,Mobiliario,Mesas,Mesa de reuniones 180cm,7,,797.16,64.96,1327.1
388,AM-2026-0338,2025-11-08,2025-11-15,Segunda Clase,CL-108,Rosa Chiriboga,PYME,Manta,Manabí,Costa,Tecnología,Copiadoras,Impresora HP Smart Tank 515,5,0.1,316.57,23.49,637.14
389,AM-2026-0224,2026-06-23,2026-06-29,Estándar,CL-141,José Cedeño,PYME,Guayaquil,Guayas,Costa,Suministros,Papelería,Resma papel A4 75g,5,0.0,124.9,26.08,342.7
390,AM-2026-0232,2026-06-22,2026-06-25,Segunda Clase,CL-136,Cynthia Baque,Consumidor,Machala,El Oro,Costa,Tecnología,Accesorios,Mouse Logitech M170,2,0.0,178.7,31.46,310.89
391,AM-2026-0179,2026-08-10,2026-08-12,Segunda Clase,CL-101,José Cedeño,Corporativo,Guayaquil,Guayas,Costa,Tecnología,Copiadoras,Impresora HP Smart Tank 515,3,0.0,145.62,23.72,565.69
392,AM-2026-0425,2026-06-26,2026-07-01,Mismo Día,CL-129,Fabián Ortiz,PYME,Guayaquil,Guayas,Costa,Mobiliario,Sillas,Silla ejecutiva Ofix,5,0.0,196.25,15.54,450.34
393,AM-2026-0209,2025-09-18,2025-09-22,Primera Clase,CL-159,Óscar Bravo,PYME,Quito,Pichincha,Sierra,Suministros,Archivadores,Caja archivo x10,1,,6.18,3.9,161.16
394,AM-2026-0423,2026-01-11,2026-01-13,Estándar,CL-169,Fabián Ortiz,Consumidor,Sto. Domingo,Santo Domingo de los Tsáchilas,Costa,Mobiliario,Sillas,Silla plegable Rimax,6,0.0,"$35,70",1.05,662.35
395,AM-2026-0316,2025-09-16,2025-09-20,Segunda Clase,SIN-ID,,Corporativo,Quito,Pichincha,Sierra,Mobiliario,Mesas,Mesa de reuniones 180cm,4,0.0,151.08,9.64,684.35
396,AM-2026-0386,2026-05-02,2026-05-05,Primera Clase,CL-127,Gustavo Palma,Consumidor,Cuenca,Azuay,Sierra,Suministros,Archivadores,Caja archivo x10,1,0.0,15.4,-0.41,58.28
397,AM-2026-0034,2026-01-28,2026-02-01,Segunda Clase,CL-140,María Salazar,Corporativo,Quito,Pichincha,Sierra,Suministros,Archivadores,Archivador Leitz A-Z,3,0.1,116.69,13.06,116.69
398,AM-2026-0035,2026-02-17,2026-02-14,Segunda Clase,CL-116,Daniela Loor,Corporativo,Manta,Manabí,Costa,Suministros,Archivadores,Caja archivo x10,6,0.0,150.9,37.22,150.9
399,AM-2026-0143,2026-08-16,2026-08-23,Segunda Clase,CL-116,Daniela Loor,Corporativo,Ambato,Tungurahua,Sierra,Tecnología,Teléfonos,Teléfono Nokia C32,3,0.0,31.17,5.27,495.76
400,AM-2026-0422,2026-02-22,2026-02-27,Segunda Clase,CL-164,Sofía Arteaga,Corporativo,Guayaquil,Guayas,Costa,Tecnología,Teléfonos,Xiaomi Redmi 13,3,0.1,34.45,2.82,129.81
401,AM-2026-0414,2026-08-07,2026-08-10,Primera Clase,CL-102,Ana Tituaña,PYME,Loja,Loja,Sierra,Suministros,Papelería,Resma papel A4 75g,2,0.2,"$56,66",6.28,175.55
402,AM-2026-0412,2025-10-19,2025-10-21,Segunda Clase,CL-179,Héctor Anchundia,Corporativo,Quito,Pichincha,Sierra,Mobiliario,Mesas,Escritorio en L Maderkit,1,0.0,62.41,4.27,299.27
403,AM-2026-0311,2025-12-18,2025-12-22,Segunda Clase,CL-157,Esteban Riofrío,Consumidor,Santo Domingo,Santo Domingo de los Tsáchilas,Costa,Tecnología,Teléfonos,Teléfono Nokia C32,5,0.0,117.9,16.38,287.15
404,AM-2026-0177,2026-03-13,2026-03-18,Primera Clase,CL-109,Andrés Molina,Consumidor,Santo Domingo,Santo Domingo de los Tsáchilas,Costa,Suministros,Arte,Marcadores Sharpie x12,3,0.1,45.95,8.63,278.77
405,AM-2026-0238,2025-10-16,2025-10-21,Primera Clase,CL-153,Francisco Mera,PYME,Guayaquil,Guayas,Costa,Mobiliario,Libreros,Librero 5 repisas,4,0.1,115.09,-0.96,1685.82
406,AM-2026-0021,2026-01-05,2026-01-10,Segunda Clase,CL-153,Francisco Mera,PYME,Ambato,Tungurahua,Sierra,Suministros,Papelería,Resma papel A4 75g,4,0.1,63.58,7.81,350.44
407,AM-2026-0309,2026-03-03,2026-03-10,Estándar,CL-118,Marcela Yépez,Consumidor,Quito,Pichincha,Sierra,Mobiliario,Sillas,Silla ejecutiva Ofix,6,0.1,66.85,1.55,568.74
408,AM-2026-0164,2025-10-24,2025-10-26,Segunda Clase,CL-129,Fabián Ortiz,PYME,Quito,Pichincha,Sierra,Tecnología,Copiadoras,Copiadora Epson EcoTank L3250,3,,165.43,13.83,661.9
409,AM-2026-0198,2025-09-20,2025-09-21,Estándar,CL-154,Gabriela Ponce,Consumidor,Guayaquil,Guayas,Costa,Mobiliario,Sillas,Silla ejecutiva Ofix,6,0.1,2325.78,-20.99,2616.36
410,AM-2026-0008,2026-04-25,2026-05-01,Mismo Día,CL-119,Óscar Bravo,Corporativo,Guayaquil,Guayas,Costa,Tecnología,Accesorios,Cargador Anker 20W,5,0.1,82.53,3.58,128.25
411,AM-2026-0230,2026-08-05,2026-08-09,Primera Clase,CL-160,Tatiana Mendoza,Consumidor,Guayaquil,Guayas,Costa,Tecnología,Accesorios,Mouse Logitech M170,2,0.3,19.15,-5.23,2774.27
412,AM-2026-0258,2026-08-22,2026-08-29,Segunda Clase,CL-173,Wilson Chila,Corporativo,Portoviejo,Manabí,Costa,Tecnología,Accesorios,Audífonos JBL Tune,1,0.0,19.25,3.89,750.29
413,AM-2026-0145,25/06/2026,28/06/2026,Primera Clase,,,PYME,Quito,Pichincha,Sierra,Tecnología,Accesorios,Mouse Logitech M170,5,0.0,126.45,18.77,1077.41
414,AM-2026-0177,2026-03-13,2026-03-18,Primera Clase,CL-109,Andrés Molina,Consumidor,Santo Domingo,Santo Domingo de los Tsáchilas,Costa,Mobiliario,Mesas,Mesa de reuniones 180cm,5,,134.04,-13.58,278.77
415,AM-2026-0088,2026-08-14,2026-08-11,Estándar,CL-139,Héctor Anchundia,Consumidor,Sto. Domingo,Santo Domingo de los Tsáchilas,Costa,Tecnología,Accesorios,Teclado Genius KB-100,1,0.0,55.43,10.3,424.63
416,AM-2026-0009,2026-01-22,2026-01-24,Segunda Clase,CL-125,Patricio Alarcón,Corporativo,Portoviejo,Manabí,Costa,Mobiliario,Libreros,Estante metálico Beta,5,,183.65,14.79,571.16
417,AM-2026-0270,2026-02-02,2026-02-08,Mismo Día,CL-124,Sofía Arteaga,Consumidor,Guayaquil,Guayas,Costa,Suministros,Arte,Cinta adhesiva Scotch x6,7,0.1,340.39,47.15,764.47
418,AM-2026-0236,2026-02-13,2026-02-16,Mismo Día,CL-141,José Cedeño,PYME,Guayaquil,Guayas,Costa,Mobiliario,Mesas,Mesa de reuniones 180cm,7,0.0,126.35,12.55,688.54
419,AM-2026-0081,2026-06-27,2026-07-02,Estándar,CL-132,Priscila Vera,PYME,Manta,Manabí,Costa,Mobiliario,Sillas,Silla ejecutiva Ofix,2,,155.24,13.41,330.64
420,AM-2026-0238,2025-10-16,2025-10-21,Primera Clase,CL-153,Francisco Mera,PYME,Guayaquil,Guayas,Costa,Mobiliario,Libreros,Librero 5 repisas,6,,1064.22,82.8,1685.82
421,AM-2026-0039,2025-09-08,2025-09-13,Estándar,CL-103,Luis Zambrano,Consumidor,Ambato,Tungurahua,Sierra,Mobiliario,Libreros,Estante metálico Beta,1,0.1,66.85,0.45,386.0
422,AM-2026-0392,2026-03-25,2026-03-29,Primera Clase,CL-104,Carmen Vélez,Corporativo,Quito,Pichincha,Sierra,Tecnología,Accesorios,Cargador Anker 20W,1,0.0,72.0,13.56,370.49
423,AM-2026-0051,2025-09-03,2025-09-08,Estándar,CL-170,Karla Bustamante,Corporativo,Manta,Manabí,Costa,Tecnología,Copiadoras,Impresora HP Smart Tank 515,7,,62.02,9.45,474.88
424,AM-2026-0058,2025-11-28,2025-11-30,Segunda Clase,CL-147,Diego Paredes,PYME,Puerto Ayora,,Galápagos,Tecnología,Copiadoras,Impresora HP Smart Tank 515,6,0.0,46.62,6.67,462.19
425,AM-2026-0337,2026-06-29,2026-07-06,Segunda Clase,CL-139,Héctor Anchundia,Consumidor,Guayaquil,Guayas,Costa,Suministros,Papelería,Cuaderno universitario Norma,3,,31.68,9.74,889.0
426,AM-2026-0143,2026-08-16,2026-08-23,Segunda Clase,SIN-ID,,Corporativo,Ambato,Tungurahua,Sierra,Suministros,Arte,Marcadores Sharpie x12,7,0.0,342.09,71.34,495.76
427,AM-2026-0357,2026-06-14,2026-06-15,Primera Clase,CL-105,Pedro Guamán,PYME,Guayaquil,Guayas,Costa,Suministros,Archivadores,Caja archivo x10,5,0.3,59.32,-2.12,1580.12
428,AM-2026-0175,2026-08-16,2026-08-21,Mismo Día,CL-165,Patricio Alarcón,PYME,Cuenca,Azuay,Sierra,Suministros,Papelería,Cuaderno universitario Norma,1,0.0,29.02,4.85,275.61
429,AM-2026-0123,2026-02-08,2026-02-10,Segunda Clase,CL-166,Nadia Reinoso,Consumidor,Cuenca,Azuay,Sierra,Mobiliario,Libreros,Estante metálico Beta,2,0.0,50.76,4.66,451.59
430,AM-2026-0267,2026-05-04,2026-05-10,Estándar,SIN-ID,,PYME,QUITO,,Sierra,Suministros,Papelería,Resma papel A4 75g,2,0.0,47.38,9.98,349.9
431,AM-2026-0178,2025-10-16,2025-10-23,Estándar,CL-179,Héctor Anchundia,Corporativo,Quito,Pichincha,Sierra,Tecnología,Teléfonos,Samsung Galaxy A15,5,0.0,252.65,40.91,715.21
432,AM-2026-0336,2026-08-20,2026-08-21,Mismo Día,CL-115,Ramiro Quishpe,Consumidor,Manta,,Costa,Tecnología,Accesorios,Teclado Genius KB-100,3,,30.48,7.85,1743.16
433,AM-2026-0029,2025-12-06,2025-12-10,Estándar,CL-124,Sofía Arteaga,Consumidor,Quito,Pichincha,Sierra,Tecnología,Copiadoras,Impresora HP Smart Tank 515,6,0.0,549.3,86.46,1047.34
434,AM-2026-0013,2026-07-09,2026-07-10,Mismo Día,CL-149,Andrés Molina,Corporativo,Quito,Pichincha,Sierra,Mobiliario,Mesas,Mesa de reuniones 180cm,2,0.0,17.68,3.16,288.26
435,AM-2026-0384,2026-03-15,2026-03-21,Primera Clase,CL-104,Carmen Vélez,Corporativo,Guayaquil,Guayas,Costa,Suministros,Archivadores,Archivador Leitz A-Z,7,,155.61,34.9,1503.41
436,AM-2026-0231,2025-11-05,2025-11-08,Segunda Clase,CL-116,Daniela Loor,Corporativo,Guayaquil,Guayas,Costa,Mobiliario,Libreros,Estante metálico Beta,3,0.1,56.4,-0.36,451.75
437,AM-2026-0332,2026-05-07,2026-05-14,Primera Clase,CL-169,Fabián Ortiz,Consumidor,Guayaquil,Guayas,Costa,Suministros,Arte,Marcadores Sharpie x12,3,,152.28,34.36,582.99
438,AM-2026-0359,2026-06-04,2026-06-09,Mismo Día,CL-168,Elena Carrión,PYME,Guayaquil,Guayas,Costa,Mobiliario,Libreros,Librero 5 repisas,3,0.2,24.94,-3.15,1508.15
439,AM-2026-0166,2026-03-30,2026-04-03,Mismo Día,CL-176,Cynthia Baque,Corporativo,Guayaquil,Guayas,Costa,Tecnología,Copiadoras,Impresora HP Smart Tank 515,5,0.3,134.26,-15.46,594.87
440,AM-2026-0210,2026-06-17,2026-06-22,Estándar,CL-168,Elena Carrión,PYME,Quito,Pichincha,Sierra,Suministros,Papelería,Cuaderno universitario Norma,1,0.0,10.95,-1.44,621.26
441,AM-2026-0321,2026-03-31,2026-04-02,Estándar,CL-126,Nadia Reinoso,PYME,QUITO,Pichincha,Sierra,Mobiliario,Mesas,Mesa de reuniones 180cm,7,0.0,114.1,9.45,594.23
442,AM-2026-0219,2026-02-17,2026-02-24,Estándar,CL-102,Ana Tituaña,PYME,Quito,Pichincha,Sierra,Mobiliario,Mesas,Mesa de reuniones 180cm,2,0.1,42.23,-1.78,42.23
443,AM-2026-0071,2026-08-11,2026-08-13,Estándar,CL-143,Luis Zambrano,Corporativo,Quito,Pichincha,Sierra,Mobiliario,Libreros,Estante metálico Beta,1,,95.06,-1.54,438.1
444,AM-2026-0181,2026-03-05,2026-03-09,Segunda Clase,CL-105,Pedro Guamán,PYME,Guayaquil,,Costa,Suministros,Arte,Cinta adhesiva Scotch x6,1,0.0,46.41,9.82,367.21
445,AM-2026-0358,2026-08-18,2026-08-24,Mismo Día,CL-111,Jorge Intriago,PYME,Santo Domingo,Santo Domingo de los Tsáchilas,Costa,Mobiliario,Mesas,Mesa de reuniones 180cm,2,0.0,14.86,5.3,301.84
446,AM-2026-0051,2025-09-03,2025-09-08,Estándar,CL-170,Karla Bustamante,Corporativo,Manta,Manabí,Costa,Suministros,Papelería,Cuaderno universitario Norma,7,0.0,83.16,15.99,474.88
447,AM-2026-0406,2026-04-14,2026-04-16,Estándar,CL-148,Rosa Chiriboga,Consumidor,Quito,Pichincha,Sierra,Suministros,Papelería,Carpetas manila x25,1,0.0,43.08,8.53,760.35
448,AM-2026-0093,2025-09-04,2025-09-11,Primera Clase,CL-124,Sofía Arteaga,Consumidor,Guayaquil,Guayas,Costa,Mobiliario,Libreros,Estante metálico Beta,2,,41.88,-0.48,442.63
449,AM-2026-0116,2026-01-09,2026-01-12,Mismo Día,CL-124,Sofía Arteaga,Consumidor,Guayaquil,Guayas,Costa,Tecnología,Accesorios,Teclado Genius KB-100,4,0.0,129.16,19.78,439.05
450,AM-2026-0239,2026-08-07,2026-08-14,Estándar,CL-170,Karla Bustamante,Corporativo,Quito,,Sierra,Suministros,Papelería,Resma papel A4 75g,5,,79.5,20.0,564.62
451,AM-2026-0002,2026-02-01,2026-02-05,Mismo Día,CL-169,Fabián Ortiz,Consumidor,Guayaquil,Guayas,Costa,Suministros,Arte,Marcadores Sharpie x12,6,0.2,155.76,8.63,378.68
452,AM-2026-0376,2026-07-11,2026-07-14,Primera Clase,CL-112,Paola Cárdenas,Consumidor,Quito,Pichincha,Sierra,Suministros,Papelería,Resma papel A4 75g,7,0.2,482.44,21.78,580.56
453,AM-2026-0077,2025-11-24,2025-11-28,Primera Clase,CL-125,Patricio Alarcón,Corporativo,Quito,Pichincha,Sierra,Suministros,Archivadores,Archivador Leitz A-Z,5,0.1,51.71,4.7,51.71
454,AM-2026-0070,2026-05-29,2026-06-04,Primera Clase,CL-178,Belén Cornejo,Consumidor,Quito,,Sierra,Tecnología,Copiadoras,Copiadora Epson EcoTank L3250,-6,,195.6,32.45,226.83
455,AM-2026-0272,2026-03-14,2026-03-20,Primera Clase,CL-112,Paola Cárdenas,Consumidor,Guayaquil,Guayas,Costa,Tecnología,Accesorios,Audífonos JBL Tune,7,0.0,1058.12,165.93,1232.39
456,AM-2026-0339,2025-09-23,2025-09-30,Primera Clase,CL-113,Francisco Mera,Corporativo,Cuenca,Azuay,Sierra,Mobiliario,Mesas,Mesa de reuniones 180cm,3,0.2,47.81,-5.69,133.45
457,AM-2026-0271,2025-12-12,2025-12-13,Estándar,CL-123,Byron Toapanta,PYME,Quito,Pichincha,Sierra,Mobiliario,Libreros,Librero 5 repisas,5,0.0,61.9,4.55,312.19
458,AM-2026-0232,2026-06-22,2026-06-25,Segunda Clase,CL-136,Cynthia Baque,Consumidor,Machala,El Oro,Costa,Tecnología,Accesorios,Teclado Genius KB-100,4,0.3,41.22,-8.44,310.89
459,AM-2026-0381,2026-03-17,2026-03-22,Mismo Día,CL-161,Hernán Cobo,Corporativo,Machala,El Oro,Costa,Tecnología,Teléfonos,Samsung Galaxy A15,5,0.3,150.71,-15.46,806.45
460,AM-2026-0009,2026-01-22,2026-01-24,Segunda Clase,CL-125,Patricio Alarcón,Corporativo,Portoviejo,Manabí,Costa,Suministros,Archivadores,Archivador Leitz A-Z,1,0.0,39.91,9.72,571.16
461,AM-2026-0113,2026-01-19,2026-01-21,Segunda Clase,CL-158,Marcela Yépez,Corporativo,Loja,Loja,Sierra,Suministros,Arte,Cinta adhesiva Scotch x6,5,0.0,45.0,8.64,455.86
462,AM-2026-0378,2025-09-14,2025-09-19,Estándar,CL-156,Daniela Loor,PYME,Cuenca,Azuay,Sierra,Mobiliario,Libreros,Librero 5 repisas,2,,134.88,8.01,141.02
463,AM-2026-0400,2026-06-13,2026-06-20,Estándar,CL-123,Byron Toapanta,PYME,Quito,Pichincha,Sierra,Mobiliario,Sillas,Silla ejecutiva Ofix,5,0.0,29.9,-0.55,411.21
464,AM-2026-0406,2026-04-14,2026-04-16,Estándar,CL-148,Rosa Chiriboga,Consumidor,Quito,Pichincha,Sierra,Suministros,Papelería,Cuaderno universitario Norma,2,0.0,42.02,9.24,760.35
465,AM-2026-0331,2026-08-06,2026-08-09,Mismo Día,CL-177,Iván Sarango,PYME,Quito,Pichincha,Sierra,Mobiliario,Libreros,Librero 5 repisas,2,0.0,19.36,2.75,19.36
466,AM-2026-0145,2026-06-25,2026-06-28,Primera Clase,CL-171,Milton Cajas,PYME,Quito,Pichincha,Sierra,Mobiliario,Libreros,Librero 5 repisas,3,0.0,83.04,8.59,1077.41
467,AM-2026-0243,2026-03-10,2026-03-15,Estándar,CL-164,Sofía Arteaga,Corporativo,Guayaquil,Guayas,Costa,Suministros,Archivadores,Archivador Leitz A-Z,5,0.0,454.55,100.54,813.08
468,AM-2026-0166,2026-03-30,2026-04-03,Mismo Día,CL-176,Cynthia Baque,Corporativo,Guayaquil,Guayas,Costa,Mobiliario,Mesas,Mesa de reuniones 180cm,6,,268.67,-53.3,594.87
469,AM-2026-0022,2025-09-21,2025-09-24,Primera Clase,CL-150,Verónica Cruz,PYME,Cuenca,Azuay,Sierra,Mobiliario,Mesas,Escritorio en L Maderkit,1,,17.59,1.91,247.79
470,AM-2026-0256,2025-12-04,2025-12-11,Segunda Clase,CL-129,Fabián Ortiz,PYME,Cuenca,Azuay,Sierra,Mobiliario,Mesas,Mesa de reuniones 180cm,3,0.2,16.25,0.71,148.17
471,AM-2026-0367,2026-08-15,2026-08-17,Estándar,CL-128,Elena Carrión,Corporativo,Quito,Pichincha,Sierra,Tecnología,Copiadoras,Impresora HP Smart Tank 515,4,,117.86,-1.59,346.2
472,AM-2026-0299,2026-08-22,2026-08-28,Primera Clase,CL-123,Byron Toapanta,PYME,Ambato,Tungurahua,Sierra,Suministros,Archivadores,Caja archivo x10,6,0.0,231.78,47.9,972.09
473,AM-2026-0159,2026-08-15,2026-08-21,Primera Clase,CL-101,José Cedeño,Corporativo,Guayaquil,Guayas,Costa,Suministros,Archivadores,Caja archivo x10,5,0.0,218.45,47.64,931.51
474,AM-2026-0117,2025-11-04,2025-11-06,Segunda Clase,CL-157,Esteban Riofrío,Consumidor,Manta,Manabí,Costa,Suministros,Arte,Cinta adhesiva Scotch x6,6,0.1,108.16,14.59,182.32
475,AM-2026-0410,2026-05-19,2026-05-22,Estándar,CL-118,Marcela Yépez,Consumidor,Quito,Pichincha,Sierra,Tecnología,Teléfonos,Xiaomi Redmi 13,2,0.1,46.57,4.24,1147.11
476,AM-2026-0194,2025-09-22,2025-09-24,Estándar,CL-121,Hernán Cobo,Consumidor,Quito,Pichincha,Sierra,Mobiliario,Sillas,Silla plegable Rimax,2,0.0,48.04,8.94,351.29
477,AM-2026-0345,25/01/2026,27/01/2026,Segunda Clase,CL-163,Byron Toapanta,Consumidor,Manta,Manabí,Costa,Mobiliario,Sillas,Silla plegable Rimax,1,0.1,10.83,-1.01,1031.94
478,AM-2026-0135,2026-08-03,2026-08-07,Mismo Día,CL-172,Priscila Vera,Consumidor, Quito,Pichincha,Sierra,Tecnología,Teléfonos,Teléfono Nokia C32,2,0.0,25.48,2.23,25.48
479,AM-2026-0357,2026-06-14,2026-06-15,Primera Clase,,,PYME,Guayaquil,Guayas,Costa,Mobiliario,Mesas,Mesa de reuniones 180cm,7,0.3,1286.79,-243.31,1580.12
480,AM-2026-0249,2026-07-20,2026-07-24,Segunda Clase,CL-122,Ivonne Macías,Corporativo,Quito,Pichincha,Sierra,Suministros,Arte,Cinta adhesiva Scotch x6,1,,10.7,-0.49,552.77
481,AM-2026-0372,2026-06-14,2026-06-15,Primera Clase,CL-125,Patricio Alarcón,Corporativo,Machala,El Oro,Costa,Tecnología,Teléfonos,Samsung Galaxy A15,6,0.0,90.54,13.26,379.46
482,AM-2026-0394,2026-03-13,2026-03-19,Estándar,CL-136,Cynthia Baque,Consumidor,Manta,Manabí,Costa,Mobiliario,Mesas,Mesa de reuniones 180cm,-7,0.2,122.08,-12.68,700.33
483,AM-2026-0301,2025-10-25,2025-10-29,Estándar,CL-170,Karla Bustamante,Corporativo,Tena,Napo,Amazonía,Suministros,Archivadores,Archivador Leitz A-Z,1,0.0,10.87,3.4,293.35
484,AM-2026-0189,2025-12-28,2026-01-02,Segunda Clase,CL-173,Wilson Chila,Corporativo,Loja,Loja,Sierra,Suministros,Papelería,Carpetas manila x25,7,0.0,133.98,28.77,482.8
485,AM-2026-0351,2025-10-22,2025-10-28,Primera Clase,CL-139,Héctor Anchundia,Consumidor,Quito,Pichincha,Sierra,Mobiliario,Mesas,Mesa de reuniones 180cm,2,0.0,32.12,3.07,57.57
486,AM-2026-0090,2026-02-01,2026-02-03,Segunda Clase,CL-133,Wilson Chila,Consumidor,QUITO,Pichincha,Sierra,Tecnología,Accesorios,Teclado Genius KB-100,7,0.0,84.42,13.14,112.92
487,AM-2026-0198,2025-09-20,2025-09-21,Estándar,CL-154,Gabriela Ponce,Consumidor,Guayaquil,Guayas,Costa,Suministros,Archivadores,Archivador Leitz A-Z,2,0.0,14.04,4.13,2616.36
488,AM-2026-0343,2026-05-09,2026-05-16,Primera Clase,CL-160,Tatiana Mendoza,Consumidor,Guayaquil,Guayas,Costa,Suministros,Papelería,Carpetas manila x25,6,0.2,42.38,-1.74,903.18
489,AM-2026-0003,2026-02-14,2026-02-17,Segunda Clase,,,Consumidor,Guayaquil,Guayas,Costa,Tecnología,Teléfonos,Samsung Galaxy A15,7,0.0,181.72,30.99,237.75
490,AM-2026-0285,2026-06-20,2026-06-27,Estándar,CL-156,Daniela Loor,PYME,Guayaquil,Guayas,Costa,Tecnología,Accesorios,Teclado Genius KB-100,3,0.2,41.33,-2.55,490.11
491,AM-2026-0239,2026-08-07,2026-08-14,Estándar,CL-170,Karla Bustamante,Corporativo,Quito,Pichincha,Sierra,Tecnología,Accesorios,Mouse Logitech M170,3,0.0,135.03,22.15,564.62
492,AM-2026-0372,2026-06-14,2026-06-15,Primera Clase,CL-125,Patricio Alarcón,Corporativo,Machala,El Oro,Costa,Tecnología,Copiadoras,Impresora HP Smart Tank 515,4,0.1,63.9,4.39,379.46
493,AM-2026-0104,2025-12-10,2025-12-11,Estándar,CL-154,Gabriela Ponce,Consumidor,Cuenca,Azuay,Sierra,Suministros,Archivadores,Archivador Leitz A-Z,5,0.3,315.88,-16.95,697.72
494,AM-2026-0415,2025-10-30,2025-11-04,Primera Clase,CL-104,Carmen Vélez,Corporativo,Quito,Pichincha,Sierra,Tecnología,Copiadoras,Copiadora Epson EcoTank L3250,4,0.0,62.8,14.1,224.8
495,AM-2026-0257,2026-03-21,2026-03-24,Estándar,CL-127,Gustavo Palma,Consumidor,Cuenca,Azuay,Sierra,Mobiliario,Sillas,Silla ejecutiva Ofix,5,0.0,"$626,05",47.63,1137.15
496,AM-2026-0322,2025-09-03,2025-09-07,Estándar,CL-113,Francisco Mera,Corporativo,Guayaquil,Guayas,Costa,Mobiliario,Libreros,Librero 5 repisas,5,0.0,73.35,7.62,468.67
497,AM-2026-0049,2025-11-10,2025-11-13,Mismo Día,CL-164,Sofía Arteaga,Corporativo,Guayaquil,Guayas,Costa,Mobiliario,Libreros,Estante metálico Beta,7,0.0,174.93,11.82,523.4
498,AM-2026-0028,2026-05-19,2026-05-20,Primera Clase,CL-173,Wilson Chila,Corporativo,Machala,El Oro,Costa,Tecnología,Accesorios,Cargador Anker 20W,7,0.3,164.0,-17.92,195.01
499,AM-2026-0222,2025-09-03,2025-09-07,Estándar,CL-125,Patricio Alarcón,Corporativo,Loja,Loja,Sierra,Mobiliario,Mesas,Escritorio en L Maderkit,3,0.3,23.35,-5.06,278.99
500,AM-2026-0223,2026-04-16,2026-04-20,Estándar,,,Consumidor,Cuenca,Azuay,Sierra,Mobiliario,Sillas,Silla plegable Rimax,6,0.0,368.52,28.95,579.02
501,AM-2026-0338,2025-11-08,2025-11-15,Segunda Clase,CL-108,Rosa Chiriboga,PYME,Manta,Manabí,Costa,Tecnología,Teléfonos,Xiaomi Redmi 13,3,0.0,98.52,17.19,637.14
502,AM-2026-0192,2026-02-10,2026-02-12,Estándar,CL-170,Karla Bustamante,Corporativo,Quito,Pichincha,Sierra,Suministros,Archivadores,Caja archivo x10,7,0.0,93.52,19.65,476.65
503,AM-2026-0021,2026-01-05,2026-01-10,Segunda Clase,CL-153,Francisco Mera,PYME,Ambato,Tungurahua,Sierra,Mobiliario,Sillas,Silla ejecutiva Ofix,7,0.0,286.86,23.69,350.44
504,AM-2026-0366,2025-09-06,2025-09-08,Segunda Clase,CL-168,Elena Carrión,PYME,Ambato,Tungurahua,Sierra,Suministros,Arte,Cinta adhesiva Scotch x6,4,0.0,335.48,74.87,871.44
505,AM-2026-0032,2025-10-23,2025-10-24,Segunda Clase,CL-109,Andrés Molina,Consumidor,Sto. Domingo,Santo Domingo de los Tsáchilas,Costa,Suministros,Arte,Cinta adhesiva Scotch x6,6,0.0,486.96,102.62,652.68
506,AM-2026-0209,2025-09-18,2025-09-22,Primera Clase,CL-159,Óscar Bravo,PYME,Quito,Pichincha,Sierra,Mobiliario,Sillas,Silla ejecutiva Ofix,6,0.0,154.98,7.65,161.16
507,AM-2026-0103,2026-07-20,2026-07-26,Estándar,CL-165,Patricio Alarcón,PYME,Manta,Manabí,Costa,Mobiliario,Libreros,Estante metálico Beta,2,0.0,116.7,10.15,344.64
508,AM-2026-0188,2026-05-13,2026-05-20,Primera Clase,CL-175,Rodrigo Pinos,Consumidor, Quito,Pichincha,Sierra,Mobiliario,Mesas,Mesa de reuniones 180cm,1,0.0,34.12,3.28,535.74
509,AM-2026-0079,2025-10-04,2025-10-07,Mismo Día,CL-147,Diego Paredes,PYME,Cuenca,Azuay,Sierra,Suministros,Archivadores,Caja archivo x10,2,0.0,28.76,3.79,291.41
510,AM-2026-0236,2026-02-13,2026-02-16,Mismo Día,CL-141,José Cedeño,PYME,Guayaquil,Guayas,Costa,Suministros,Papelería,Carpetas manila x25,1,0.0,24.44,3.09,688.54
511,AM-2026-0377,2026-05-17,2026-05-24,Estándar,CL-116,Daniela Loor,Corporativo,Cuenca,Azuay,Sierra,Tecnología,Teléfonos,Teléfono Nokia C32,2,0.0,145.82,25.23,265.27
512,AM-2026-0276,2026-06-29,2026-07-01,Primera Clase,CL-178,Belén Cornejo,Consumidor,Santo Domingo,Santo Domingo de los Tsáchilas,Costa,Mobiliario,Libreros,Estante metálico Beta,7,0.0,223.86,19.35,1495.97
513,AM-2026-0260,2025-10-23,2025-10-24,Segunda Clase,CL-150,Verónica Cruz,PYME,Quito,Pichincha,Sierra,Suministros,Archivadores,Caja archivo x10,4,0.2,155.58,4.78,277.78
514,AM-2026-0042,2026-08-18,2026-08-21,Estándar,CL-142,Ana Tituaña,PYME,Puerto Ayora,Galápagos,Galápagos,Suministros,Arte,Cinta adhesiva Scotch x6,1,0.0,19.0,4.18,187.4
515,AM-2026-0271,2025-12-12,2025-12-13,Estándar,CL-123,Byron Toapanta,PYME,Quito,Pichincha,Sierra,Suministros,Arte,Cinta adhesiva Scotch x6,2,,10.66,1.22,312.19
516,AM-2026-0373,2026-07-27,2026-07-24,Estándar,CL-106,Lucía Espinoza,Consumidor,Cuenca,Azuay,Sierra,Mobiliario,Sillas,Silla ejecutiva Ofix,2,0.3,104.86,-20.4,184.1
517,AM-2026-0110,2026-08-04,2026-08-07,Estándar,CL-171,Milton Cajas,PYME,Manta,Manabí,Costa,Mobiliario,Sillas,Silla ejecutiva Ofix,7,0.0,273.28,24.65,773.68
518,AM-2026-0217,2025-10-29,2025-10-30,Mismo Día,CL-158,Marcela Yépez,Corporativo,Guayaquil,Guayas,Costa,Suministros,Papelería,Resma papel A4 75g,4,0.0,291.04,64.76,546.4
519,AM-2026-0095,2025-09-03,2025-09-05,Segunda Clase,CL-173,Wilson Chila,Corporativo,Ambato,Tungurahua,Sierra,Tecnología,Copiadoras,Copiadora Epson EcoTank L3250,7,,567.98,91.08,1190.6
520,AM-2026-0002,2026-02-01,2026-02-05,Mismo Día,,,Consumidor,Guayaquil,Guayas,Costa,Mobiliario,Sillas,Silla plegable Rimax,1,0.1,6.68,-0.94,378.68
521,AM-2026-0052,2026-07-01,2026-07-04,Primera Clase,CL-152,Paola Cárdenas,Corporativo,Loja,Loja,Sierra,Suministros,Arte,Cinta adhesiva Scotch x6,3,0.0,80.01,15.83,367.37
522,AM-2026-0060,2025-12-13,2025-12-17,Mismo Día,,,PYME,Machala,El Oro,Costa,Mobiliario,Libreros,Estante metálico Beta,4,0.0,137.32,12.32,499.31
523,AM-2026-0068,2026-04-06,2026-04-13,Primera Clase,CL-172,Priscila Vera,Consumidor,Guayaquil,Guayas,Costa,Mobiliario,Libreros,Librero 5 repisas,4,0.0,58.88,4.68,682.25
524,AM-2026-0384,2026-03-15,2026-03-21,Primera Clase,CL-104,Carmen Vélez,Corporativo,Guayaquil,Guayas,Costa,Mobiliario,Libreros,Estante metálico Beta,4,0.0,75.56,6.2,1503.41
525,AM-2026-0296,2025-11-21,2025-11-24,Segunda Clase,CL-171,Milton Cajas,PYME,Ambato,Tungurahua,Sierra,Tecnología,Copiadoras,Impresora HP Smart Tank 515,4,,39.6,2.22,200.32
526,AM-2026-0181,2026-03-05,2026-03-09,Segunda Clase,CL-105,Pedro Guamán,PYME,Guayaquil,Guayas,Costa,Suministros,Archivadores,Caja archivo x10,2,,68.36,12.6,367.21
527,AM-2026-0222,2025-09-03,2025-09-07,Estándar,CL-125,Patricio Alarcón,Corporativo,Loja,Loja,Sierra,Tecnología,Teléfonos,Samsung Galaxy A15,4,0.0,58.0,9.06,278.99
528,AM-2026-0213,2025-10-12,2025-10-13,Primera Clase,CL-179,Héctor Anchundia,Corporativo,Machala,El Oro,Costa,Suministros,Papelería,Cuaderno universitario Norma,6,0.3,"$139,82",-9.81,550.34
529,AM-2026-0201,2026-01-03,2026-01-04,Estándar,CL-146,Lucía Espinoza,Corporativo,Guayaquil,Guayas,Costa,Suministros,Archivadores,Caja archivo x10,3,0.1,52.38,10.18,926.59
530,AM-2026-0006,2026-01-10,2026-01-16,Mismo Día,CL-130,Karla Bustamante,Consumidor,Guayaquil,Guayas,Costa,Suministros,Papelería,Resma papel A4 75g,6,0.2,118.37,6.84,617.75
531,AM-2026-0187,2025-11-25,2025-12-01,Segunda Clase,CL-118,Marcela Yépez,Consumidor,Machala,El Oro,Costa,Mobiliario,Libreros,Estante metálico Beta,7,0.0,96.67,8.4,2139.42
532,AM-2026-0276,2026-06-29,2026-07-01,Primera Clase,CL-178,Belén Cornejo,Consumidor,Santo Domingo,Santo Domingo de los Tsáchilas,Costa,Mobiliario,Libreros,Librero 5 repisas,4,0.3,253.23,-49.76,1495.97
533,AM-2026-0357,2026-06-14,2026-06-15,Primera Clase,CL-105,Pedro Guamán,PYME,Guayaquil,Guayas,Costa,Mobiliario,Mesas,Mesa de reuniones 180cm,4,,155.01,-13.28,1580.12
534,AM-2026-0213,2025-10-12,2025-10-13,Primera Clase,CL-179,Héctor Anchundia,Corporativo,Machala,El Oro,Costa,Tecnología,Accesorios,Teclado Genius KB-100,4,0.2,24.74,-2.3,550.34
535,AM-2026-0052,2026-07-01,2026-07-04,Primera Clase,CL-152,Paola Cárdenas,Corporativo,Loja,Loja,Sierra,Mobiliario,Mesas,Mesa de reuniones 180cm,4,0.1,43.52,-3.33,367.37
536,AM-2026-0357,2026-06-14,2026-06-15,Primera Clase,CL-105,Pedro Guamán,PYME,Guayaquil,Guayas,Costa,Suministros,Archivadores,Archivador Leitz A-Z,5,0.0,79.0,16.2,1580.12
537,AM-2026-0192,2026-02-10,2026-02-12,Estándar,CL-170,Karla Bustamante,Corporativo,Quito,Pichincha,Sierra,Suministros,Arte,Marcadores Sharpie x12,5,0.3,209.79,-6.57,476.65
538,AM-2026-0223,2026-04-16,2026-04-20,Estándar,CL-151,Jorge Intriago,Consumidor,Cuenca,Azuay,Sierra,Tecnología,Teléfonos,Xiaomi Redmi 13,4,0.0,45.4,8.11,579.02
539,AM-2026-0235,2026-03-08,2026-03-13,Primera Clase,CL-106,Lucía Espinoza,Consumidor,Cuenca,Azuay,Sierra,Suministros,Archivadores,Archivador Leitz A-Z,6,0.2,52.8,0.84,52.8
540,AM-2026-0322,2025-09-03,2025-09-07,Estándar,CL-113,Francisco Mera,Corporativo,Guayaquil,Guayas,Costa,Tecnología,Teléfonos,Xiaomi Redmi 13,7,,196.95,-2.54,468.67
541,AM-2026-0413,2026-08-28,2026-09-01,Primera Clase,CL-140,María Salazar,Corporativo,Guayaquil,Guayas,Costa,Suministros,Papelería,Resma papel A4 75g,1,0.0,12.69,2.61,174.41
542,AM-2026-0427,2025-11-04,2025-11-05,Estándar,CL-171,Milton Cajas,PYME,Puerto Ayora,Galápagos,Galápagos,Suministros,Arte,Marcadores Sharpie x12,1,0.1,38.11,7.74,458.05
543,AM-2026-0113,2026-01-19,2026-01-21,Segunda Clase,CL-158,Marcela Yépez,Corporativo,Loja,Loja,Sierra,Mobiliario,Sillas,Silla ejecutiva Ofix,2,0.0,39.06,0.18,455.86
544,AM-2026-0110,2026-08-04,2026-08-07,Estándar,CL-171,Milton Cajas,PYME,Manta,Manabí,Costa,Mobiliario,Sillas,Silla ejecutiva Ofix,6,0.1,181.93,-4.65,773.68
545,AM-2026-0328,2026-05-23,2026-05-24,Primera Clase,CL-106,Lucía Espinoza,Consumidor,QUITO,Pichincha,Sierra,Mobiliario,Sillas,Silla plegable Rimax,5,0.3,27.44,-8.32,712.82
546,AM-2026-0307,2026-08-10,2026-08-12,Segunda Clase,CL-146,Lucía Espinoza,Corporativo,Guayaquil,Guayas,Costa,Suministros,Archivadores,Caja archivo x10,3,0.1,50.06,4.8,50.06
547,AM-2026-0183,2026-05-28,2026-05-31,Estándar,,,Consumidor,Machala,El Oro,Costa,Mobiliario,Sillas,Silla plegable Rimax,4,0.0,136.56,12.77,326.16
548,AM-2026-0183,2026-05-28,2026-05-31,Estándar,CL-109,Andrés Molina,Consumidor,Machala,El Oro,Costa,Tecnología,Copiadoras,Copiadora Epson EcoTank L3250,1,0.0,28.1,2.7,326.16
549,AM-2026-0313,2026-01-14,2026-01-19,Estándar,CL-165,Patricio Alarcón,PYME,Tena,Napo,Amazonía,Mobiliario,Sillas,Silla ejecutiva Ofix,4,0.0,"$79,04",0.94,110.48
550,AM-2026-0167,2025-10-09,2025-10-10,Estándar,CL-166,Nadia Reinoso,Consumidor,Guayaquil,Guayas,Costa,Suministros,Arte,Marcadores Sharpie x12,5,,110.95,27.15,640.96
551,AM-2026-0117,2025-11-04,2025-11-06,Segunda Clase,,,Consumidor,Manta,Manabí,Costa,Tecnología,Teléfonos,Xiaomi Redmi 13,3,0.0,33.96,3.31,182.32
552,AM-2026-0333,2025-10-16,2025-10-22,Mismo Día,CL-163,Byron Toapanta,Consumidor,Guayaquil,Guayas,Costa,Mobiliario,Sillas,Silla ejecutiva Ofix,7,0.0,177.24,12.22,530.39
553,AM-2026-0057,2026-05-25,2026-05-30,Primera Clase,CL-103,Luis Zambrano,Consumidor,Loja,Loja,Sierra,Tecnología,Accesorios,Teclado Genius KB-100,4,,48.48,8.52,167.03
554,AM-2026-0353,2026-03-21,2026-03-28,Segunda Clase,CL-176,Cynthia Baque,Corporativo,Ambato,Tungurahua,Sierra,Tecnología,Teléfonos,Samsung Galaxy A15,3,,89.62,-1.99,433.42
555,AM-2026-0405,2026-01-18,2026-01-21,Primera Clase,CL-159,Óscar Bravo,PYME,Guayaquil,Guayas,Costa,Mobiliario,Sillas,Silla plegable Rimax,4,,154.04,10.02,344.7
556,AM-2026-0300,2025-09-23,2025-09-27,Primera Clase,CL-157,Esteban Riofrío,Consumidor,Guayaquil,Guayas,Costa,Tecnología,Accesorios,Teclado Genius KB-100,2,0.0,70.0,11.76,140.96
557,AM-2026-0089,2026-01-15,2026-01-19,Estándar,CL-151,Jorge Intriago,Consumidor,Portoviejo,Manabí,Costa,Tecnología,Accesorios,Audífonos JBL Tune,7,0.2,60.14,-1.63,307.97
558,AM-2026-0126,2025-09-12,2025-09-16,Primera Clase,CL-111,Jorge Intriago,PYME,Guayaquil,Guayas,Costa,Mobiliario,Sillas,Silla plegable Rimax,4,0.0,33.44,0.12,390.27
559,AM-2026-0361,2026-04-07,2026-04-10,Mismo Día,CL-152,Paola Cárdenas,Corporativo,Cuenca,Azuay,Sierra,Tecnología,Accesorios,Teclado Genius KB-100,1,0.0,134.41,21.72,558.39
560,AM-2026-0071,2026-08-11,2026-08-13,Estándar,CL-143,Luis Zambrano,Corporativo,QUITO,Pichincha,Sierra,Mobiliario,Sillas,Silla plegable Rimax,3,0.2,63.41,-9.75,438.1
561,AM-2026-0367,2026-08-15,2026-08-17,Estándar,CL-128,Elena Carrión,Corporativo,QUITO,Pichincha,Sierra,Suministros,Papelería,Carpetas manila x25,6,0.0,104.58,24.61,346.2
562,AM-2026-0367,2026-08-15,2026-08-17,Estándar,CL-128,Elena Carrión,Corporativo,Quito,Pichincha,Sierra,Suministros,Papelería,Carpetas manila x25,6,0.2,27.12,3.4,346.2
563,AM-2026-0319,2026-05-26,2026-05-27,Estándar,CL-121,Hernán Cobo,Consumidor,Puerto Ayora,Galápagos,Galápagos,Suministros,Papelería,Resma papel A4 75g,5,0.1,87.34,11.52,223.44
564,AM-2026-0208,2026-06-03,2026-06-09,Estándar,CL-168,Elena Carrión,PYME,Quito,Pichincha,Sierra,Suministros,Archivadores,Caja archivo x10,3,0.0,43.23,6.05,261.99
565,AM-2026-0168,2025-12-13,2025-12-18,Segunda Clase,CL-119,Óscar Bravo,Corporativo,Ambato,Tungurahua,Sierra,Tecnología,Teléfonos,Teléfono Nokia C32,2,0.3,28.03,-2.99,104.37
566,AM-2026-0059,2025-12-12,2025-12-15,Mismo Día,CL-145,Pedro Guamán,Consumidor,Portoviejo,Manabí,Costa,Mobiliario,Sillas,Silla ejecutiva Ofix,6,0.0,145.2,12.6,926.68
567,AM-2026-0110,2026-08-04,2026-08-07,Estándar,CL-171,Milton Cajas,PYME,Manta,Manabí,Costa,Suministros,Archivadores,Archivador Leitz A-Z,7,0.1,154.85,19.55,773.68
568,AM-2026-0092,2025-11-22,2025-11-26,Segunda Clase,CL-110,Verónica Cruz,Corporativo,Cuenca,Azuay,Sierra,Tecnología,Teléfonos,Xiaomi Redmi 13,3,0.3,90.66,-9.9,349.91
569,AM-2026-0300,2025-09-23,2025-09-27,Primera Clase,CL-157,Esteban Riofrío,Consumidor,Guayaquil,Guayas,Costa,Mobiliario,Sillas,Silla ejecutiva Ofix,4,0.0,70.96,8.37,140.96
570,AM-2026-0133,2025-12-19,2025-12-25,Estándar,,,Consumidor,Quito,Pichincha,Sierra,Tecnología,Accesorios,Cargador Anker 20W,1,0.0,44.37,4.96,143.47
571,AM-2026-0064,2025-09-25,2025-09-30,Primera Clase,,,Corporativo,Guayaquil,Guayas,Costa,Tecnología,Copiadoras,Impresora HP Smart Tank 515,2,0.0,79.66,11.2,884.01
572,AM-2026-0199,2025-12-30,2026-01-02,Estándar,,,Consumidor,Cuenca,Azuay,Sierra,Tecnología,Accesorios,Cargador Anker 20W,6,0.0,456.66,73.93,657.8
573,AM-2026-0109,2025-12-23,2025-12-26,Estándar,,,Corporativo,Guayaquil,Guayas,Costa,Tecnología,Accesorios,Cargador Anker 20W,4,0.0,73.96,7.06,103.69
574,AM-2026-0124,2025-12-03,2025-12-04,Segunda Clase,CL-137,Iván Sarango,Corporativo,Quito,Pichincha,Sierra,Mobiliario,Mesas,Mesa de reuniones 180cm,7,0.1,135.89,-1.47,535.64
575,AM-2026-0103,2026-07-20,2026-07-26,Estándar,CL-165,Patricio Alarcón,PYME,Manta,Manabí,Costa,Tecnología,Accesorios,Audífonos JBL Tune,6,0.0,140.58,23.38,344.64
576,AM-2026-0161,2025-12-20,2025-12-23,Segunda Clase,CL-165,Patricio Alarcón,PYME,Loja,Loja,Sierra,Tecnología,Teléfonos,Xiaomi Redmi 13,2,0.2,26.1,2.81,187.65
577,AM-2026-0323,2026-07-09,2026-07-12,Estándar,,,Consumidor,Manta,Manabí,Costa,Tecnología,Copiadoras,Copiadora Epson EcoTank L3250,4,0.3,151.56,-14.25,457.22
578,AM-2026-0220,2025-11-06,2025-11-07,Segunda Clase,CL-100,María Salazar,Consumidor,Guayaquil,Guayas,Costa,Mobiliario,Libreros,Estante metálico Beta,6,,348.6,27.8,793.66
579,AM-2026-0183,2026-05-28,2026-05-31,Estándar,,,Consumidor,Machala,El Oro,Costa,Tecnología,Accesorios,Teclado Genius KB-100,1,0.1,10.62,3.25,326.16
580,AM-2026-0362,2025-09-14,2025-09-18,Estándar,CL-137,Iván Sarango,Corporativo,Cuenca,Azuay,Sierra,Suministros,Arte,Cinta adhesiva Scotch x6,5,0.0,331.45,73.87,498.49
581,AM-2026-0059,2025-12-12,2025-12-15,Mismo Día,CL-145,Pedro Guamán,Consumidor,Portoviejo,Manabí,Costa,Mobiliario,Libreros,Librero 5 repisas,6,0.0,275.46,23.14,926.68
582,AM-2026-0240,2026-01-05,2026-01-08,Estándar,CL-141,José Cedeño,PYME,Quito,Pichincha,Sierra,Mobiliario,Sillas,Silla plegable Rimax,1,0.0,11.55,1.39,378.68
583,AM-2026-0125,2026-02-27,2026-03-05,Primera Clase,CL-144,Carmen Vélez,PYME,Cuenca,Azuay,Sierra,Suministros,Archivadores,Archivador Leitz A-Z,7,0.0,370.3,81.5,1594.1
584,AM-2026-0384,2026-03-15,2026-03-21,Primera Clase,CL-104,Carmen Vélez,Corporativo,Guayaquil,Guayas,Costa,Tecnología,Accesorios,Audífonos JBL Tune,6,0.0,241.08,38.12,1503.41
585,AM-2026-0072,2026-07-28,2026-08-01,Primera Clase,CL-119,Óscar Bravo,Corporativo,Guayaquil,Guayas,Costa,Tecnología,Accesorios,Teclado Genius KB-100,2,0.0,25.1,8.41,142.48
586,AM-2026-0236,2026-02-13,2026-02-16,Mismo Día,CL-141,José Cedeño,PYME,Guayaquil,Guayas,Costa,Mobiliario,Libreros,Librero 5 repisas,2,0.0,36.26,4.12,688.54
587,AM-2026-0043,2026-05-03,2026-05-06,Segunda Clase,CL-125,Patricio Alarcón,Corporativo,Guayaquil,Guayas,Costa,Tecnología,Copiadoras,Copiadora Epson EcoTank L3250,1,0.0,56.67,9.88,178.32
588,AM-2026-0231,2025-11-05,2025-11-08,Segunda Clase,,,Corporativo,Guayaquil,Guayas,Costa,Suministros,Papelería,Cuaderno universitario Norma,7,0.0,156.59,31.3,451.75
589,AM-2026-0105,2026-06-16,2026-06-21,Mismo Día,CL-154,Gabriela Ponce,Consumidor,Guayaquil,Guayas,Costa,Tecnología,Teléfonos,Xiaomi Redmi 13,4,0.1,1757.34,120.88,2209.04
590,AM-2026-0220,2025-11-06,2025-11-07,Segunda Clase,CL-100,María Salazar,Consumidor,Guayaquil,Guayas,Costa,Mobiliario,Sillas,Silla ejecutiva Ofix,6,,410.67,-9999.0,793.66
591,AM-2026-0147,2026-01-15,2026-01-18,Primera Clase,CL-143,Luis Zambrano,Corporativo,Machala,El Oro,Costa,Suministros,Arte,Marcadores Sharpie x12,5,0.3,18.79,-0.18,46.89
592,AM-2026-0423,2026-01-11,2026-01-13,Estándar,CL-169,Fabián Ortiz,Consumidor,Santo Domingo,Santo Domingo de los Tsáchilas,Costa,Tecnología,Copiadoras,Impresora HP Smart Tank 515,3,0.0,68.49,9.67,662.35
593,AM-2026-0266,2026-01-02,2026-01-04,Estándar,CL-156,Daniela Loor,PYME,Quito,Pichincha,Sierra,Tecnología,Teléfonos,Samsung Galaxy A15,1,0.2,25.09,1.94,541.08
594,AM-2026-0162,2026-01-05,2026-01-07,Estándar,CL-128,Elena Carrión,Corporativo,Manta,Manabí,Costa,Suministros,Arte,Marcadores Sharpie x12,3,0.0,71.4,16.61,701.74
595,AM-2026-0380,2026-01-24,2026-01-30,Segunda Clase,CL-136,Cynthia Baque,Consumidor,Puerto Ayora,Galápagos,Galápagos,Mobiliario,Libreros,Librero 5 repisas,6,0.0,30.72,5.6,117.96
596,AM-2026-0214,2026-04-29,2026-05-04,Segunda Clase,CL-102,Ana Tituaña,PYME,Quito,Pichincha,Sierra,Suministros,Arte,Cinta adhesiva Scotch x6,3,,96.57,21.81,859.18
597,AM-2026-0257,2026-03-21,2026-03-24,Estándar,CL-127,Gustavo Palma,Consumidor,Cuenca,Azuay,Sierra,Suministros,Papelería,Resma papel A4 75g,5,0.0,409.1,90.09,1137.15
598,AM-2026-0159,2026-08-15,2026-08-21,Primera Clase,,,Corporativo,Guayaquil,Guayas,Costa,Tecnología,Accesorios,Teclado Genius KB-100,6,0.1,38.93,2.83,931.51
599,AM-2026-0249,20/07/2026,24/07/2026,Segunda Clase,CL-122,Ivonne Macías,Corporativo,Quito,,Sierra,Mobiliario,Mesas,Escritorio en L Maderkit,6,0.0,101.46,7.4,552.77
600,AM-2026-0030,2026-08-24,2026-08-29,Estándar,CL-133,Wilson Chila,Consumidor,Guayaquil,Guayas,Costa,Tecnología,Teléfonos,Xiaomi Redmi 13,7,0.2,73.81,-4.66,73.81
601,AM-2026-0280,2026-08-26,2026-08-30,Mismo Día,CL-115,Ramiro Quishpe,Consumidor,Manta,Manabí,Costa,Suministros,Papelería,Resma papel A4 75g,3,0.0,76.53,13.65,210.71
602,AM-2026-0079,2025-10-04,2025-10-07,Mismo Día,CL-147,Diego Paredes,PYME,Cuenca,Azuay,Sierra,Mobiliario,Sillas,Silla plegable Rimax,4,0.1,38.3,-5.39,291.41
603,AM-2026-0244,2026-01-16,2026-01-22,Mismo Día,CL-173,Wilson Chila,Corporativo,Guayaquil,Guayas,Costa,Mobiliario,Sillas,Silla plegable Rimax,5,0.2,114.8,-15.07,459.43
604,AM-2026-0010,2026-08-11,2026-08-13,Primera Clase,CL-155,Ramiro Quishpe,Corporativo,Guayaquil,Guayas,Costa,Tecnología,Teléfonos,Xiaomi Redmi 13,5,0.0,74.1,12.11,163.71
605,AM-2026-0088,2026-08-14,2026-08-20,Estándar,CL-139,Héctor Anchundia,Consumidor,Sto. Domingo,Santo Domingo de los Tsáchilas,Costa,Suministros,Papelería,Resma papel A4 75g,6,0.0,38.76,10.57,424.63
606,AM-2026-0251,2026-06-03,2026-06-06,Mismo Día,CL-129,Fabián Ortiz,PYME,Portoviejo,Manabí,Costa,Mobiliario,Mesas,Mesa de reuniones 180cm,3,0.0,49.71,6.37,148.83
607,AM-2026-0076,2026-05-11,2026-05-14,Primera Clase,CL-105,Pedro Guamán,PYME,Puerto Ayora,Galápagos,Galápagos,Tecnología,Teléfonos,Teléfono Nokia C32,1,0.0,11.63,1.22,11.63
608,AM-2026-0216,2026-06-25,2026-07-02,Estándar,CL-157,Esteban Riofrío,Consumidor,Quito,Pichincha,Sierra,Mobiliario,Sillas,Silla ejecutiva Ofix,5,0.0,101.65,10.6,422.51
609,AM-2026-0154,2025-12-06,2025-12-11,Primera Clase,,,Corporativo,Quito,Pichincha,Sierra,Suministros,Archivadores,Archivador Leitz A-Z,1,0.2,15.45,1.3,446.37
610,AM-2026-0274,2026-01-18,2026-01-22,Segunda Clase,CL-121,Hernán Cobo,Consumidor,quito,Pichincha,Sierra,Mobiliario,Mesas,Escritorio en L Maderkit,2,0.0,76.42,6.17,834.57
611,AM-2026-0412,2025-10-19,2025-10-21,Segunda Clase,CL-179,Héctor Anchundia,Corporativo,Quito,Pichincha,Sierra,Suministros,Papelería,Resma papel A4 75g,6,0.0,92.52,17.83,299.27
612,AM-2026-0400,2026-06-13,2026-06-20,Estándar,CL-123,Byron Toapanta,PYME,Quito,Pichincha,Sierra,Tecnología,Copiadoras,Impresora HP Smart Tank 515,7,0.1,65.02,4.97,411.21
613,AM-2026-0189,2025-12-28,2026-01-02,Segunda Clase,CL-173,Wilson Chila,Corporativo,Loja,Loja,Sierra,Suministros,Archivadores,Caja archivo x10,2,0.1,24.52,2.96,482.8
614,AM-2026-0188,2026-05-13,2026-05-20,Primera Clase,CL-175,Rodrigo Pinos,Consumidor,Quito,Pichincha,Sierra,Mobiliario,Libreros,Estante metálico Beta,6,0.0,104.88,11.6,535.74
615,AM-2026-0274,2026-01-18,2026-01-22,Segunda Clase,CL-121,Hernán Cobo,Consumidor,Quito,Pichincha,Sierra,Mobiliario,Sillas,Silla ejecutiva Ofix,4,0.0,90.04,3.61,834.57
616,AM-2026-0405,2026-01-18,2026-01-21,Primera Clase,,,PYME,Guayaquil,Guayas,Costa,Mobiliario,Libreros,Librero 5 repisas,1,0.2,38.5,-4.84,344.7
617,AM-2026-0224,2026-06-23,2026-06-29,Estándar,CL-141,José Cedeño,PYME,Guayaquil,Guayas,Costa,Tecnología,Accesorios,Audífonos JBL Tune,7,0.0,208.67,35.3,342.7
618,AM-2026-0139,2025-12-03,2025-12-07,Mismo Día,CL-115,Ramiro Quishpe,Consumidor,Guayaquil,Guayas,Costa,Suministros,Papelería,Cuaderno universitario Norma,1,0.0,19.35,7.66,56.6
619,AM-2026-0278,2026-01-13,2026-01-14,Primera Clase,CL-170,Karla Bustamante,Corporativo,Guayaquil,Guayas,Costa,Mobiliario,Sillas,Silla plegable Rimax,5,0.0,67.2,5.01,138.1
620,AM-2026-0125,2026-02-27,2026-03-05,Primera Clase,CL-144,Carmen Vélez,PYME,Cuenca,Azuay,Sierra,Mobiliario,Mesas,Mesa de reuniones 180cm,4,0.1,43.88,-2.9,1594.1
621,AM-2026-0096,2026-07-25,2026-07-28,Estándar,,,Consumidor,Ambato,Tungurahua,Sierra,Mobiliario,Libreros,Estante metálico Beta,5,0.0,125.05,10.88,438.46
622,AM-2026-0164,2025-10-24,2025-10-26,Segunda Clase,CL-129,Fabián Ortiz,PYME,Quito,Pichincha,Sierra,Suministros,Papelería,Cuaderno universitario Norma,6,0.1,85.97,8.37,661.9
623,AM-2026-0391,2026-04-08,2026-04-14,Estándar,CL-127,Gustavo Palma,Consumidor,Quito,Pichincha,Sierra,Mobiliario,Sillas,Silla plegable Rimax,3,0.0,358.77,30.72,429.53
624,AM-2026-0376,2026-07-11,2026-07-14,Primera Clase,,,Consumidor,Quito,Pichincha,Sierra,Tecnología,Teléfonos,Teléfono Nokia C32,2,0.0,98.12,15.66,580.56
625,AM-2026-0098,2025-11-23,2025-11-27,Mismo Día,CL-106,Lucía Espinoza,Consumidor,Loja,Loja,Sierra,Tecnología,Teléfonos,Xiaomi Redmi 13,3,0.0,171.27,28.82,185.26
626,AM-2026-0390,2025-11-26,2025-11-29,Primera Clase,CL-161,Hernán Cobo,Corporativo,Santo Domingo,Santo Domingo de los Tsáchilas,Costa,Tecnología,Accesorios,Audífonos JBL Tune,5,0.0,214.45,31.89,254.29
627,AM-2026-0416,2026-07-24,2026-07-25,Mismo Día,CL-119,Óscar Bravo,Corporativo,Quito,Pichincha,Sierra,Suministros,Papelería,Carpetas manila x25,4,0.3,91.92,-3.05,529.74
628,AM-2026-0245,2025-12-16,2025-12-21,Mismo Día,CL-110,Verónica Cruz,Corporativo,Sto. Domingo,Santo Domingo de los Tsáchilas,Costa,Mobiliario,Mesas,Mesa de reuniones 180cm,5,0.0,62.6,2.45,258.96
629,AM-2026-0138,2026-07-03,2026-07-08,Mismo Día,CL-160,Tatiana Mendoza,Consumidor,QUITO,Pichincha,Sierra,Mobiliario,Mesas,Escritorio en L Maderkit,3,0.1,"$129,82",-1.67,257.8
630,AM-2026-0156,2026-02-05,2026-02-11,Segunda Clase,CL-152,Paola Cárdenas,Corporativo,Guayaquil,Guayas,Costa,Suministros,Arte,Marcadores Sharpie x12,6,0.3,98.91,-4.5,118.73
631,AM-2026-0104,2025-12-10,2025-12-11,Estándar,CL-154,Gabriela Ponce,Consumidor,Cuenca,Azuay,Sierra,Mobiliario,Sillas,Silla plegable Rimax,5,,"$211,70",18.72,697.72
632,AM-2026-0404,2025-09-21,2025-09-22,Primera Clase,CL-164,Sofía Arteaga,Corporativo,Cuenca,Azuay,Sierra,Tecnología,Copiadoras,Copiadora Epson EcoTank L3250,1,0.0,23.14,1.54,23.14
633,AM-2026-0129,20/07/2026,23/07/2026,Estándar,CL-144,Carmen Vélez,PYME,Quito,Pichincha,Sierra,Mobiliario,Sillas,Silla plegable Rimax,5,0.3,111.33,-20.22,188.93
634,AM-2026-0258,2026-08-22,2026-08-29,Segunda Clase,CL-173,Wilson Chila,Corporativo,Portoviejo,Manabí,Costa,Mobiliario,Libreros,Librero 5 repisas,3,,297.94,-4.05,750.29
635,AM-2026-0327,2025-12-27,2026-01-01,Primera Clase,CL-110,Verónica Cruz,Corporativo,Guayaquil,Guayas,Costa,Mobiliario,Mesas,Mesa de reuniones 180cm,1,0.0,151.67,11.13,706.52
636,AM-2026-0251,2026-06-03,2026-06-06,Mismo Día,CL-129,Fabián Ortiz,PYME,Portoviejo,Manabí,Costa,Tecnología,Teléfonos,Xiaomi Redmi 13,1,0.2,26.36,-1.87,148.83
637,AM-2026-0165,30/08/2026,06/09/2026,Segunda Clase,CL-159,Óscar Bravo,PYME,Tena,Napo,Amazonía,Suministros,Archivadores,Caja archivo x10,3,0.1,64.56,7.27,380.9
638,AM-2026-0275,2026-03-01,2026-03-04,Primera Clase,CL-157,Esteban Riofrío,Consumidor,Quito,Pichincha,Sierra,Suministros,Archivadores,Archivador Leitz A-Z,1,0.2,141.9,3.56,141.9
639,AM-2026-0192,2026-02-10,2026-02-12,Estándar,CL-170,Karla Bustamante,Corporativo,Quito,Pichincha,Sierra,Mobiliario,Libreros,Estante metálico Beta,5,0.0,80.1,9.08,476.65
640,AM-2026-0396,2025-10-01,2025-10-06,Segunda Clase,CL-134,Marta Aguirre,Corporativo,Tena,Napo,Amazonía,Tecnología,Copiadoras,Copiadora Epson EcoTank L3250,3,0.0,205.62,30.04,1179.23
641,AM-2026-0134,2025-12-16,2025-12-18,Estándar,CL-141,José Cedeño,PYME,Guayaquil,Guayas,Costa,Mobiliario,Libreros,Librero 5 repisas,1,0.3,16.16,-4.84,16.16
642,AM-2026-0007,2026-05-23,2026-05-24,Primera Clase,CL-177,Iván Sarango,PYME,Manta,Manabí,Costa,Suministros,Arte,Marcadores Sharpie x12,5,0.0,102.1,23.68,276.77
643,AM-2026-0215,2026-01-17,2026-01-21,Segunda Clase,CL-157,Esteban Riofrío,Consumidor,Quito,Pichincha,Sierra,Suministros,Arte,Marcadores Sharpie x12,3,0.2,60.1,1.12,347.0
644,AM-2026-0048,2025-09-10,2025-09-12,Mismo Día,CL-102,Ana Tituaña,PYME,Machala,El Oro,Costa,Suministros,Archivadores,Archivador Leitz A-Z,5,0.0,62.9,13.53,62.9
645,AM-2026-0147,2026-01-15,2026-01-18,Primera Clase,CL-143,Luis Zambrano,Corporativo,Machala,El Oro,Costa,Tecnología,Copiadoras,Impresora HP Smart Tank 515,7,0.1,28.1,0.56,46.89
646,AM-2026-0394,2026-03-13,2026-03-19,Estándar,CL-136,Cynthia Baque,Consumidor,Manta,Manabí,Costa,Tecnología,Teléfonos,Samsung Galaxy A15,4,0.0,363.2,55.33,700.33
647,AM-2026-0291,2025-10-19,2025-10-21,Primera Clase,CL-135,Rodrigo Pinos,PYME,Guayaquil,Guayas,Costa,Suministros,Papelería,Carpetas manila x25,5,0.2,155.2,8.68,699.23
648,AM-2026-0262,2025-09-13,2025-09-18,Estándar,CL-144,Carmen Vélez,PYME,Sto. Domingo,Santo Domingo de los Tsáchilas,Costa,Suministros,Papelería,Carpetas manila x25,6,0.0,116.76,26.71,1327.1
649,AM-2026-0359,2026-06-04,2026-06-09,Mismo Día,CL-168,Elena Carrión,PYME,Guayaquil,Guayas,Costa,Suministros,Arte,Cinta adhesiva Scotch x6,7,0.1,699.3,91.78,1508.15
650,AM-2026-0054,2026-08-05,2026-08-08,Segunda Clase,CL-128,Elena Carrión,Corporativo,quito,Pichincha,Sierra,Suministros,Arte,Cinta adhesiva Scotch x6,6,0.3,76.65,-1.69,173.49
651,AM-2026-0018,2026-02-06,2026-02-08,Mismo Día,CL-175,Rodrigo Pinos,Consumidor,Quito,Pichincha,Sierra,Tecnología,Accesorios,Teclado Genius KB-100,1,0.1,18.96,1.66,113.41
652,AM-2026-0270,2026-02-02,2026-02-08,Mismo Día,CL-124,Sofía Arteaga,Consumidor,Guayaquil,Guayas,Costa,Tecnología,Copiadoras,Impresora HP Smart Tank 515,7,,82.53,5.89,764.47
653,AM-2026-0210,2026-06-17,2026-06-22,Estándar,CL-168,Elena Carrión,PYME,Quito,Pichincha,Sierra,Suministros,Papelería,Carpetas manila x25,3,0.1,75.49,10.02,621.26
654,AM-2026-0299,2026-08-22,2026-08-28,Primera Clase,CL-123,Byron Toapanta,PYME,Ambato,Tungurahua,Sierra,Mobiliario,Sillas,Silla plegable Rimax,3,0.2,556.7,-9999.0,972.09
655,AM-2026-0031,2026-08-06,2026-08-09,Segunda Clase,CL-159,Óscar Bravo,PYME,Loja,Loja,Sierra,Tecnología,Teléfonos,Xiaomi Redmi 13,4,0.0,143.72,23.49,467.27
656,AM-2026-0168,13/12/2025,18/12/2025,Segunda Clase,CL-119,Óscar Bravo,Corporativo,Ambato,Tungurahua,Sierra,Suministros,Archivadores,Archivador Leitz A-Z,1,,36.02,6.88,104.37
657,AM-2026-0112,2026-08-09,2026-08-13,Mismo Día,CL-119,Óscar Bravo,Corporativo,Cuenca,Azuay,Sierra,Tecnología,Accesorios,Audífonos JBL Tune,5,0.0,68.45,13.9,903.83
658,AM-2026-0361,2026-04-07,2026-04-10,Mismo Día,CL-152,Paola Cárdenas,Corporativo,Cuenca,Azuay,Sierra,Suministros,Arte,Cinta adhesiva Scotch x6,7,0.0,297.29,66.64,558.39
659,AM-2026-0344,2026-06-30,2026-07-01,Estándar,CL-107,Diego Paredes,Corporativo,Guayaquil,Guayas,Costa,Suministros,Archivadores,Caja archivo x10,7,0.0,221.83,44.6,619.64
660,AM-2026-0418,2026-02-06,2026-02-11,Mismo Día,CL-112,Paola Cárdenas,Consumidor,Guayaquil,Guayas,Costa,Suministros,Papelería,Cuaderno universitario Norma,5,0.0,33.75,6.9,550.15
661,AM-2026-0024,2025-09-10,2025-09-15,Mismo Día,CL-133,Wilson Chila,Consumidor,Santo Domingo,Santo Domingo de los Tsáchilas,Costa,Mobiliario,Sillas,Silla plegable Rimax,2,,15.8,-1.51,15.8
662,AM-2026-0425,2026-06-26,2026-07-01,Mismo Día,CL-129,Fabián Ortiz,PYME,Guayaquil,Guayas,Costa,Mobiliario,Mesas,Mesa de reuniones 180cm,3,0.0,106.65,6.55,450.34
663,AM-2026-0232,2026-06-22,2026-06-25,Segunda Clase,CL-136,Cynthia Baque,Consumidor,Machala,El Oro,Costa,Tecnología,Copiadoras,Impresora HP Smart Tank 515,1,0.2,13.25,-1.46,310.89
664,AM-2026-0384,2026-03-15,2026-03-21,Primera Clase,CL-104,Carmen Vélez,Corporativo,Guayaquil,Guayas,Costa,Tecnología,Accesorios,Cargador Anker 20W,3,0.0,"$121,74",20.44,1503.41
665,AM-2026-0145,2026-06-25,2026-06-28,Primera Clase,CL-171,Milton Cajas,PYME,Quito,Pichincha,Sierra,Suministros,Archivadores,Caja archivo x10,7,,800.87,175.54,1077.41
666,AM-2026-0213,2025-10-12,2025-10-13,Primera Clase,,,Corporativo,Machala,El Oro,Costa,Tecnología,Teléfonos,Teléfono Nokia C32,1,0.1,9.89,1.18,550.34
667,AM-2026-0291,2025-10-19,2025-10-21,Primera Clase,CL-135,Rodrigo Pinos,PYME,Guayaquil,Guayas,Costa,Mobiliario,Sillas,Silla plegable Rimax,5,0.3,55.3,-10.64,699.23
668,AM-2026-0023,2026-04-17,2026-04-24,Mismo Día,CL-108,Rosa Chiriboga,PYME,Santo Domingo,Santo Domingo de los Tsáchilas,Costa,Suministros,Archivadores,Caja archivo x10,7,0.0,603.96,132.52,615.26
669,AM-2026-0053,2026-06-24,2026-06-30,Mismo Día,CL-124,Sofía Arteaga,Consumidor,Machala,El Oro,Costa,Suministros,Arte,Cinta adhesiva Scotch x6,5,0.1,66.78,6.84,66.78
670,AM-2026-0350,2026-07-07,2026-07-12,Mismo Día,CL-171,Milton Cajas,PYME,Manta,Manabí,Costa,Suministros,Papelería,Cuaderno universitario Norma,7,,561.75,123.05,1029.72
671,AM-2026-0284,2026-06-04,2026-06-06,Estándar,CL-174,Marta Aguirre,PYME,Manta,Manabí,Costa,Mobiliario,Libreros,Librero 5 repisas,4,0.2,34.18,-3.42,245.86
672,AM-2026-0173,2026-05-10,2026-05-15,Mismo Día,CL-119,Óscar Bravo,Corporativo,Loja,Loja,Sierra,Mobiliario,Libreros,Estante metálico Beta,2,0.0,14.1,-9999.0,732.57
673,AM-2026-0286,2026-05-18,2026-05-19,Mismo Día,CL-133,Wilson Chila,Consumidor,Ambato,Tungurahua,Sierra,Tecnología,Accesorios,Mouse Logitech M170,6,0.0,49.68,10.8,49.68
674,AM-2026-0324,2026-07-27,2026-07-29,Mismo Día,,,Consumidor,Loja,Loja,Sierra,Suministros,Papelería,Resma papel A4 75g,5,0.1,56.43,8.9,416.46
675,AM-2026-0023,2026-04-17,2026-04-24,Mismo Día,CL-108,Rosa Chiriboga,PYME,Santo Domingo,Santo Domingo de los Tsáchilas,Costa,Suministros,Archivadores,Archivador Leitz A-Z,3,0.2,11.3,4.79,615.26
676,AM-2026-0365,2026-04-28,2026-05-02,Segunda Clase,CL-125,Patricio Alarcón,Corporativo,Santo Domingo,Santo Domingo de los Tsáchilas,Costa,Tecnología,Copiadoras,Impresora HP Smart Tank 515,5,0.0,291.5,46.18,702.47
677,AM-2026-0236,2026-02-13,2026-02-16,Mismo Día,CL-141,José Cedeño,PYME,Guayaquil,Guayas,Costa,Tecnología,Accesorios,Cargador Anker 20W,7,0.2,483.22,-12.19,688.54
678,AM-2026-0364,2025-09-26,2025-09-28,Segunda Clase,SIN-ID,,Corporativo,Quito,Pichincha,Sierra,Mobiliario,Libreros,Librero 5 repisas,4,0.0,24.88,2.11,581.06
679,AM-2026-0103,2026-07-20,2026-07-26,Estándar,,,PYME,Manta,Manabí,Costa,Suministros,Arte,Cinta adhesiva Scotch x6,3,0.0,22.53,4.9,344.64
680,AM-2026-0199,30/12/2025,02/01/2026,Estándar,CL-145,Pedro Guamán,Consumidor,Cuenca,Azuay,Sierra,Mobiliario,Libreros,Estante metálico Beta,2,0.2,44.37,-6.35,657.8
681,AM-2026-0145,2026-06-25,2026-06-28,Primera Clase,CL-171,Milton Cajas,PYME,Quito,Pichincha,Sierra,Suministros,Papelería,Carpetas manila x25,5,0.0,33.45,3.23,1077.41
682,AM-2026-0155,2026-06-25,2026-06-28,Estándar,CL-107,Diego Paredes,Corporativo,Quito,Pichincha,Sierra,Tecnología,Copiadoras,Impresora HP Smart Tank 515,3,0.1,25.11,-1.22,198.21
683,AM-2026-0093,2025-09-04,2025-09-11,Primera Clase,CL-124,Sofía Arteaga,Consumidor,Guayaquil,Guayas,Costa,Mobiliario,Mesas,Escritorio en L Maderkit,1,0.0,51.4,2.61,442.63
684,AM-2026-0283,2026-04-09,2026-04-12,Estándar,,,Corporativo,Machala,El Oro,Costa,Suministros,Archivadores,Archivador Leitz A-Z,5,0.0,276.2,60.64,553.35
685,AM-2026-0100,2026-05-14,2026-05-17,Primera Clase,CL-138,Belén Cornejo,PYME,Manta,Manabí,Costa,Suministros,Archivadores,Archivador Leitz A-Z,5,0.0,201.65,-9999.0,389.65
686,AM-2026-0211,2026-05-10,2026-05-11,Primera Clase,,,Consumidor,Guayaquil,Guayas,Costa,Suministros,Arte,Marcadores Sharpie x12,6,0.0,99.0,21.48,182.6
687,AM-2026-0338,2025-11-08,2025-11-15,Segunda Clase,CL-108,Rosa Chiriboga,PYME,Manta,Manabí,Costa,Tecnología,Teléfonos,Xiaomi Redmi 13,3,0.1,45.6,0.94,637.14
688,AM-2026-0310,2025-09-22,2025-09-25,Primera Clase,CL-127,Gustavo Palma,Consumidor,Cuenca,Azuay,Sierra,Mobiliario,Mesas,Escritorio en L Maderkit,4,0.3,41.64,-5.15,161.39
689,AM-2026-0068,2026-04-06,2026-04-13,Primera Clase,,,Consumidor,Guayaquil,,Costa,Mobiliario,Sillas,Silla ejecutiva Ofix,7,0.2,63.95,-3.1,682.25
690,AM-2026-0350,2026-07-07,2026-07-12,Mismo Día,CL-171,Milton Cajas,PYME,Manta,Manabí,Costa,Tecnología,Accesorios,Audífonos JBL Tune,5,0.3,38.08,-4.61,1029.72
691,AM-2026-0091,04/11/2025,09/11/2025,Primera Clase,CL-178,Belén Cornejo,Consumidor,Quito,Pichincha,Sierra,Tecnología,Copiadoras,Impresora HP Smart Tank 515,3,0.0,157.44,25.97,157.44
692,AM-2026-0421,2026-04-13,2026-04-16,Segunda Clase,CL-176,Cynthia Baque,Corporativo,Loja,Loja,Sierra,Mobiliario,Libreros,Librero 5 repisas,3,0.2,54.77,-4.27,430.24
693,AM-2026-0348,2025-09-02,2025-09-05,Estándar,,,Consumidor,Cuenca,Azuay,Sierra,Suministros,Papelería,Carpetas manila x25,6,0.2,52.03,-0.06,215.64
694,AM-2026-0326,2025-10-26,2025-10-27,Estándar,,,PYME,Manta,Manabí,Costa,Suministros,Arte,Cinta adhesiva Scotch x6,6,0.2,236.11,12.31,508.65
695,AM-2026-0179,2026-08-10,2026-08-12,Segunda Clase,CL-101,José Cedeño,Corporativo,Guayaquil,Guayas,Costa,Mobiliario,Sillas,Silla plegable Rimax,7,0.0,420.07,33.27,565.69
696,AM-2026-0243,2026-03-10,2026-03-15,Estándar,,,Corporativo,Guayaquil,Guayas,Costa,Suministros,Arte,Cinta adhesiva Scotch x6,7,0.2,114.24,3.68,813.08
697,AM-2026-0170,2026-06-23,2026-06-27,Estándar,CL-162,Ivonne Macías,PYME,Guayaquil,Guayas,Costa,Mobiliario,Libreros,Librero 5 repisas,2,0.0,53.98,2.32,53.98
698,AM-2026-0222,2025-09-03,2025-09-07,Estándar,CL-125,Patricio Alarcón,Corporativo,Loja,Loja,Sierra,Mobiliario,Sillas,Silla ejecutiva Ofix,2,0.2,76.96,-8.02,278.99
699,AM-2026-0097,2026-03-30,2026-03-31,Mismo Día,CL-130,Karla Bustamante,Consumidor,Quito,Pichincha,Sierra,Suministros,Archivadores,Caja archivo x10,4,0.0,"$40,72",3.76,1069.38
700,AM-2026-0229,2026-04-14,2026-04-16,Primera Clase,CL-135,Rodrigo Pinos,PYME,Loja,Loja,Sierra,Mobiliario,Libreros,Estante metálico Beta,7,0.2,167.72,-16.07,167.72
701,AM-2026-0360,2026-04-12,2026-04-18,Mismo Día,CL-104,Carmen Vélez,Corporativo,Tena,Napo,Amazonía,Mobiliario,Libreros,Librero 5 repisas,1,0.0,39.17,4.23,1007.18
702,AM-2026-0394,2026-03-13,2026-03-19,Estándar,CL-136,Cynthia Baque,Consumidor,Manta,Manabí,Costa,Tecnología,Teléfonos,Xiaomi Redmi 13,6,0.1,30.78,4.3,700.33
703,AM-2026-0158,2026-06-30,2026-07-07,Mismo Día,CL-146,Lucía Espinoza,Corporativo,Guayaquil,Guayas,Costa,Suministros,Arte,Cinta adhesiva Scotch x6,3,0.0,161.79,33.93,372.17
704,AM-2026-0143,2026-08-16,2026-08-23,Segunda Clase,CL-116,Daniela Loor,Corporativo,Ambato,Tungurahua,Sierra,Tecnología,Accesorios,Mouse Logitech M170,3,0.2,18.38,2.07,495.76
705,AM-2026-0162,2026-01-05,2026-01-07,Estándar,CL-128,Elena Carrión,Corporativo,Manta,Manabí,Costa,Suministros,Papelería,Resma papel A4 75g,6,0.1,"$322,65",44.09,701.74
706,AM-2026-0295,2026-02-10,2026-02-12,Segunda Clase,CL-160,Tatiana Mendoza,Consumidor,Portoviejo,Manabí,Costa,Suministros,Archivadores,Caja archivo x10,3,0.1,158.81,22.71,875.55
707,AM-2026-0381,2026-03-17,2026-03-22,Mismo Día,CL-161,Hernán Cobo,Corporativo,Machala,El Oro,Costa,Tecnología,Teléfonos,Samsung Galaxy A15,7,,403.39,28.19,806.45
708,AM-2026-0223,2026-04-16,2026-04-20,Estándar,CL-151,Jorge Intriago,Consumidor,Cuenca,,Sierra,Suministros,Papelería,Carpetas manila x25,6,0.1,89.96,7.84,579.02
709,AM-2026-0359,2026-06-04,2026-06-09,Mismo Día,,,PYME,Guayaquil,Guayas,Costa,Tecnología,Accesorios,Mouse Logitech M170,6,0.0,341.4,54.93,1508.15
710,AM-2026-0057,2026-05-25,2026-05-30,Primera Clase,CL-103,Luis Zambrano,Consumidor,Loja,Loja,Sierra,Mobiliario,Sillas,Silla plegable Rimax,-6,0.1,28.84,-2.17,167.03
711,AM-2026-0401,2026-03-03,2026-03-08,Primera Clase,CL-142,Ana Tituaña,Consumidor,Ambato,Tungurahua,Sierra,Tecnología,Teléfonos,Teléfono Nokia C32,2,0.2,54.18,-3.46,368.09
712,AM-2026-0080,2026-02-16,2026-02-19,Segunda Clase,CL-174,Marta Aguirre,PYME,Guayaquil,Guayas,Costa,Tecnología,Accesorios,Audífonos JBL Tune,1,0.2,68.7,-2.76,113.2
713,AM-2026-0086,2026-03-28,2026-04-01,Segunda Clase,CL-102,Ana Tituaña,PYME,Quito,Pichincha,Sierra,Suministros,Archivadores,Caja archivo x10,4,0.2,70.14,2.39,1146.9
714,AM-2026-0323,2026-07-09,2026-07-12,Estándar,,,Consumidor,Manta,Manabí,Costa,Suministros,Archivadores,Caja archivo x10,6,0.0,174.3,38.83,457.22
715,AM-2026-0069,2026-04-15,2026-04-17,Mismo Día,CL-171,Milton Cajas,PYME,Cuenca,Azuay,Sierra,Mobiliario,Mesas,Escritorio en L Maderkit,4,0.2,74.11,-8.24,757.49
716,AM-2026-0069,2026-04-15,2026-04-17,Mismo Día,CL-171,Milton Cajas,PYME,Cuenca,Azuay,Sierra,Suministros,Papelería,Carpetas manila x25,7,0.0,"$600,04",129.19,757.49
717,AM-2026-0422,2026-02-22,2026-02-27,Segunda Clase,CL-164,Sofía Arteaga,Corporativo,Guayaquil,Guayas,Costa,Suministros,Archivadores,Caja archivo x10,6,0.1,95.36,10.19,129.81
718,AM-2026-0291,2025-10-19,2025-10-21,Primera Clase,CL-135,Rodrigo Pinos,PYME,Guayaquil,Guayas,Costa,Suministros,Papelería,Carpetas manila x25,2,0.0,164.28,34.82,699.23
719,AM-2026-0246,2026-03-02,2026-03-07,Primera Clase,CL-131,Milton Cajas,Corporativo,quito,Pichincha,Sierra,Mobiliario,Libreros,Estante metálico Beta,2,0.1,25.51,-2.71,44.5
720,AM-2026-0215,2026-01-17,2026-01-21,Segunda Clase,CL-157,Esteban Riofrío,Consumidor,Quito,Pichincha,Sierra,Suministros,Archivadores,Archivador Leitz A-Z,5,0.0,31.55,5.08,347.0
721,AM-2026-0310,2025-09-22,2025-09-25,Primera Clase,SIN-ID,,Consumidor,Cuenca,Azuay,Sierra,Suministros,Papelería,Resma papel A4 75g,1,0.2,9.5,0.59,161.39
722,AM-2026-0244,2026-01-16,2026-01-22,Mismo Día,CL-173,Wilson Chila,Corporativo,Guayaquil,Guayas,Costa,Suministros,Archivadores,Caja archivo x10,3,0.0,40.71,10.2,459.43
723,AM-2026-0006,2026-01-10,2026-01-16,Mismo Día,CL-130,Karla Bustamante,Consumidor,Guayaquil,Guayas,Costa,Tecnología,Teléfonos,Teléfono Nokia C32,2,0.3,284.51,-27.36,617.75
724,AM-2026-0291,2025-10-19,2025-10-21,Primera Clase,CL-135,Rodrigo Pinos,PYME,Guayaquil,Guayas,Costa,Mobiliario,Libreros,Librero 5 repisas,1,0.1,"$18,75",-2.18,699.23
725,AM-2026-0197,2026-03-18,2026-03-22,Mismo Día,CL-102,Ana Tituaña,PYME,Machala,El Oro,Costa,Mobiliario,Mesas,Mesa de reuniones 180cm,3,0.2,44.21,-3.67,286.66
726,AM-2026-0290,2026-04-08,2026-04-09,Mismo Día,CL-130,Karla Bustamante,Consumidor,Cuenca,Azuay,Sierra,Mobiliario,Mesas,Mesa de reuniones 180cm,4,0.0,29.8,1.46,52.72
727,AM-2026-0211,2026-05-10,2026-05-11,Primera Clase,CL-151,Jorge Intriago,Consumidor,Guayaquil,Guayas,Costa,Suministros,Archivadores,Archivador Leitz A-Z,5,0.0,83.6,16.55,182.6
728,AM-2026-0407,2026-03-24,2026-03-30,Primera Clase,CL-142,Ana Tituaña,Consumidor,Manta,,Costa,Mobiliario,Sillas,Silla plegable Rimax,2,0.0,31.86,2.11,138.07
729,AM-2026-0112,2026-08-09,2026-08-13,Mismo Día,CL-119,Óscar Bravo,Corporativo,Cuenca,Azuay,Sierra,Mobiliario,Mesas,Mesa de reuniones 180cm,6,0.1,683.86,-3.9,903.83
730,AM-2026-0356,28/09/2025,05/10/2025,Segunda Clase,CL-118,Marcela Yépez,Consumidor,Guayaquil,Guayas,Costa,Tecnología,Accesorios,Teclado Genius KB-100,7,,38.22,4.43,229.97
731,AM-2026-0213,2025-10-12,2025-10-13,Primera Clase,CL-179,Héctor Anchundia,Corporativo,Machala,El Oro,Costa,Tecnología,Teléfonos,Teléfono Nokia C32,4,0.2,165.63,-3.15,550.34
732,AM-2026-0343,2026-05-09,2026-05-16,Primera Clase,CL-160,Tatiana Mendoza,Consumidor,Guayaquil,Guayas,Costa,Suministros,Papelería,Cuaderno universitario Norma,7,0.0,214.06,44.97,903.18
733,AM-2026-0267,2026-05-04,2026-05-10,Estándar,CL-126,Nadia Reinoso,PYME,Quito,Pichincha,Sierra,Tecnología,Accesorios,Mouse Logitech M170,3,,130.53,20.28,349.9
734,AM-2026-0154,2025-12-06,2025-12-11,Primera Clase,,,Corporativo,Quito,Pichincha,Sierra,Suministros,Arte,Marcadores Sharpie x12,5,0.0,279.0,62.38,446.37
735,AM-2026-0316,2025-09-16,2025-09-20,Segunda Clase,CL-101,José Cedeño,Corporativo,quito,Pichincha,Sierra,Tecnología,Copiadoras,Copiadora Epson EcoTank L3250,7,,58.03,8.95,684.35
736,AM-2026-0340,2025-12-30,2025-12-31,Mismo Día,CL-123,Byron Toapanta,PYME,Quito,Pichincha,Sierra,Tecnología,Teléfonos,Xiaomi Redmi 13,1,0.0,7.99,1.78,659.81
737,AM-2026-0118,2026-03-19,2026-03-20,Estándar,CL-114,Gabriela Ponce,PYME,Guayaquil,Guayas,Costa,Suministros,Arte,Marcadores Sharpie x12,1,0.0,19.81,4.29,83.44
738,AM-2026-0001,2025-12-17,2025-12-21,Primera Clase,,,Consumidor,Machala,El Oro,Costa,Suministros,Papelería,Carpetas manila x25,2,0.0,50.16,11.27,286.82
739,AM-2026-0084,2026-07-23,2026-07-29,Primera Clase,CL-161,Hernán Cobo,Corporativo,Machala,El Oro,Costa,Mobiliario,Mesas,Escritorio en L Maderkit,1,0.0,22.95,4.67,285.83
740,AM-2026-0262,2025-09-13,2025-09-18,Estándar,CL-144,Carmen Vélez,PYME,Santo Domingo,Santo Domingo de los Tsáchilas,Costa,Suministros,Arte,Cinta adhesiva Scotch x6,4,0.0,219.04,49.1,1327.1
741,AM-2026-0424,2026-08-04,2026-08-05,Mismo Día,CL-133,Wilson Chila,Consumidor,Quito,Pichincha,Sierra,Suministros,Archivadores,Archivador Leitz A-Z,3,,152.12,-8.1,152.12
742,AM-2026-0029,2025-12-06,2025-12-10,Estándar,CL-124,Sofía Arteaga,Consumidor,Quito,Pichincha,Sierra,Mobiliario,Mesas,Mesa de reuniones 180cm,6,0.0,75.24,7.96,1047.34
743,AM-2026-0405,2026-01-18,2026-01-21,Primera Clase,CL-159,Óscar Bravo,PYME,Guayaquil,Guayas,Costa,Tecnología,Copiadoras,Copiadora Epson EcoTank L3250,5,0.0,75.85,13.27,344.7
744,AM-2026-0351,2025-10-22,2025-10-28,Primera Clase,CL-139,Héctor Anchundia,Consumidor,Quito,Pichincha,Sierra,Suministros,Arte,Marcadores Sharpie x12,4,0.3,25.45,-2.55,57.57
745,AM-2026-0128,2025-11-06,2025-11-10,Estándar,CL-152,Paola Cárdenas,Corporativo,Cuenca,Azuay,Sierra,Mobiliario,Sillas,Silla ejecutiva Ofix,3,,389.49,29.63,636.82
746,AM-2026-0066,2026-06-13,2026-06-17,Mismo Día,CL-158,Marcela Yépez,Corporativo,Ambato,Tungurahua,Sierra,Tecnología,Copiadoras,Impresora HP Smart Tank 515,6,,54.18,8.22,54.18
747,AM-2026-0292,2025-12-30,2026-01-01,Primera Clase,CL-119,Óscar Bravo,Corporativo,Cuenca,Azuay,Sierra,Suministros,Archivadores,Archivador Leitz A-Z,7,0.0,113.75,25.42,152.09
748,AM-2026-0195,2026-03-18,2026-03-23,Estándar,CL-160,Tatiana Mendoza,Consumidor,Ambato,Tungurahua,Sierra,Tecnología,Copiadoras,Impresora HP Smart Tank 515,6,,100.08,16.04,667.74
749,AM-2026-0428,2026-08-27,2026-09-02,Primera Clase,CL-167,Gustavo Palma,Corporativo,Guayaquil,Guayas,Costa,Suministros,Arte,Marcadores Sharpie x12,5,,306.72,42.92,410.65
750,AM-2026-0369,2025-09-25,2025-09-29,Primera Clase,CL-132,Priscila Vera,PYME, Quito,Pichincha,Sierra,Tecnología,Copiadoras,Copiadora Epson EcoTank L3250,5,0.0,313.95,49.84,692.49
751,AM-2026-0373,2026-07-27,2026-08-03,Estándar,CL-106,Lucía Espinoza,Consumidor,Cuenca,Azuay,Sierra,Suministros,Arte,Cinta adhesiva Scotch x6,4,0.0,79.24,16.55,184.1
752,AM-2026-0370,2026-01-12,2026-01-17,Mismo Día,CL-133,Wilson Chila,Consumidor,Quito,Pichincha,Sierra,Tecnología,Copiadoras,Impresora HP Smart Tank 515,7,0.3,52.14,-6.02,253.59
753,AM-2026-0263,2026-04-27,2026-04-29,Segunda Clase,CL-168,Elena Carrión,PYME,Puerto Ayora,Galápagos,Galápagos,Tecnología,Teléfonos,Xiaomi Redmi 13,5,0.0,422.4,67.89,422.4
754,AM-2026-0198,2025-09-20,2025-09-21,Estándar,CL-154,Gabriela Ponce,Consumidor,Guayaquil,Guayas,Costa,Tecnología,Accesorios,Audífonos JBL Tune,3,0.1,81.4,7.51,2616.36
755,AM-2026-0317,2026-06-23,2026-06-28,Mismo Día,CL-141,José Cedeño,PYME,Manta,Manabí,Costa,Mobiliario,Mesas,Mesa de reuniones 180cm,1,,25.01,-1.62,97.66
756,AM-2026-0335,2026-08-20,2026-08-23,Primera Clase,CL-155,Ramiro Quishpe,Corporativo,Portoviejo,Manabí,Costa,Mobiliario,Sillas,Silla plegable Rimax,3,0.0,301.47,24.69,690.19
757,AM-2026-0107,2025-09-28,2025-10-01,Mismo Día,CL-135,Rodrigo Pinos,PYME,Ambato,Tungurahua,Sierra,Tecnología,Teléfonos,Samsung Galaxy A15,2,0.0,110.94,16.14,613.7
758,AM-2026-0104,2025-12-10,2025-12-11,Estándar,CL-154,Gabriela Ponce,Consumidor,Cuenca,Azuay,Sierra,Tecnología,Teléfonos,Samsung Galaxy A15,5,0.2,"$21,56",-1.44,697.72
759,AM-2026-0240,2026-01-05,2026-01-08,Estándar,CL-141,José Cedeño,PYME,Quito,Pichincha,Sierra,Tecnología,Copiadoras,Copiadora Epson EcoTank L3250,6,,69.24,11.52,378.68
760,AM-2026-0230,2026-08-05,2026-08-09,Primera Clase,CL-160,Tatiana Mendoza,Consumidor,Guayaquil,Guayas,Costa,Mobiliario,Mesas,Escritorio en L Maderkit,5,0.0,337.0,31.37,2774.27
761,AM-2026-0013,09/07/2026,10/07/2026,Mismo Día,CL-149,Andrés Molina,Corporativo,Quito,Pichincha,Sierra,Suministros,Papelería,Carpetas manila x25,3,0.2,47.83,3.11,288.26
762,AM-2026-0123,2026-02-08,2026-02-10,Segunda Clase,CL-166,Nadia Reinoso,Consumidor,Cuenca,Azuay,Sierra,Suministros,Archivadores,Archivador Leitz A-Z,4,0.2,189.73,11.07,451.59
763,AM-2026-0402,2026-07-02,2026-07-05,Primera Clase,CL-166,Nadia Reinoso,Consumidor,Loja,Loja,Sierra,Mobiliario,Libreros,Estante metálico Beta,1,0.0,8.69,1.09,178.27
764,AM-2026-0238,2025-10-16,2025-10-21,Primera Clase,CL-153,Francisco Mera,PYME,Guayaquil,Guayas,Costa,Mobiliario,Sillas,Silla ejecutiva Ofix,3,0.1,59.08,-0.37,1685.82
765,AM-2026-0086,2026-03-28,2026-04-01,Segunda Clase,CL-102,Ana Tituaña,PYME,Quito,Pichincha,Sierra,Suministros,Arte,Cinta adhesiva Scotch x6,7,0.1,91.35,11.67,1146.9
766,AM-2026-0418,2026-02-06,2026-02-11,Mismo Día,CL-112,Paola Cárdenas,Consumidor,Guayaquil,Guayas,Costa,Mobiliario,Mesas,Mesa de reuniones 180cm,4,0.0,46.16,1.34,550.15
767,AM-2026-0243,2026-03-10,2026-03-15,Estándar,CL-164,Sofía Arteaga,Corporativo,Guayaquil,Guayas,Costa,Tecnología,Teléfonos,Samsung Galaxy A15,1,0.1,9.41,-1.66,813.08
768,AM-2026-0358,2026-08-18,2026-08-24,Mismo Día,CL-111,Jorge Intriago,PYME,Santo Domingo,Santo Domingo de los Tsáchilas,Costa,Suministros,Papelería,Cuaderno universitario Norma,6,,109.86,21.62,301.84
769,AM-2026-0175,2026-08-16,2026-08-21,Mismo Día,CL-165,Patricio Alarcón,PYME,Cuenca,Azuay,Sierra,Mobiliario,Libreros,Estante metálico Beta,6,0.0,103.02,9.73,275.61
770,AM-2026-0190,2026-07-21,2026-07-25,Estándar,CL-124,Sofía Arteaga,Consumidor,Ambato,Tungurahua,Sierra,Tecnología,Accesorios,Teclado Genius KB-100,1,0.2,84.93,-0.55,627.51
771,AM-2026-0020,2026-07-11,2026-07-12,Mismo Día,CL-122,Ivonne Macías,Corporativo,Guayaquil,Guayas,Costa,Suministros,Archivadores,Archivador Leitz A-Z,5,0.0,167.5,34.17,220.92
772,AM-2026-0104,2025-12-10,2025-12-11,Estándar,CL-154,Gabriela Ponce,Consumidor,Cuenca,Azuay,Sierra,Suministros,Archivadores,Caja archivo x10,4,0.2,148.58,8.69,697.72
773,AM-2026-0101,2026-01-03,2026-01-04,Mismo Día,CL-167,Gustavo Palma,Corporativo,Santo Domingo,Santo Domingo de los Tsáchilas,Costa,Tecnología,Accesorios,Cargador Anker 20W,1,0.2,31.42,0.34,184.86
774,AM-2026-0328,2026-05-23,2026-05-24,Primera Clase,CL-106,Lucía Espinoza,Consumidor,Quito,Pichincha,Sierra,Tecnología,Accesorios,Audífonos JBL Tune,7,0.0,650.86,107.64,712.82
775,AM-2026-0080,2026-02-16,2026-02-19,Segunda Clase,CL-174,Marta Aguirre,PYME,Guayaquil,Guayas,Costa,Tecnología,Teléfonos,Teléfono Nokia C32,5,0.0,44.5,5.95,113.2
776,AM-2026-0283,2026-04-09,2026-04-12,Estándar,CL-116,Daniela Loor,Corporativo,Machala,El Oro,Costa,Suministros,Arte,Marcadores Sharpie x12,6,,161.94,32.63,553.35
777,AM-2026-0133,2025-12-19,2025-12-25,Estándar,CL-172,Priscila Vera,Consumidor,quito,Pichincha,Sierra,Mobiliario,Sillas,Silla plegable Rimax,2,0.2,17.68,-1.66,143.47
778,AM-2026-0347,21/06/2026,27/06/2026,Segunda Clase,CL-113,Francisco Mera,Corporativo,Guayaquil,Guayas,Costa,Mobiliario,Mesas,Mesa de reuniones 180cm,4,0.0,148.88,10.95,548.67
779,AM-2026-0136,2026-04-15,2026-04-17,Segunda Clase,CL-144,Carmen Vélez,PYME,Quito,Pichincha,Sierra,Suministros,Archivadores,Archivador Leitz A-Z,7,0.2,271.94,12.29,653.13
780,AM-2026-0264,2025-09-29,2025-10-04,Primera Clase,CL-170,Karla Bustamante,Corporativo,Manta,Manabí,Costa,Mobiliario,Libreros,Librero 5 repisas,1,0.0,8.73,-0.08,476.55
781,AM-2026-0123,2026-02-08,2026-02-10,Segunda Clase,CL-166,Nadia Reinoso,Consumidor,Cuenca,Azuay,Sierra,Tecnología,Teléfonos,Teléfono Nokia C32,6,0.0,72.36,12.55,451.59
782,AM-2026-0069,2026-04-15,2026-04-17,Mismo Día,,,PYME,Cuenca,Azuay,Sierra,Suministros,Papelería,Cuaderno universitario Norma,1,0.0,14.62,2.73,757.49
783,AM-2026-0086,2026-03-28,2026-04-01,Segunda Clase,CL-102,Ana Tituaña,PYME,Quito,Pichincha,Sierra,Suministros,Papelería,Cuaderno universitario Norma,1,0.1,39.68,3.14,1146.9
784,AM-2026-0367,2026-08-15,2026-08-17,Estándar,CL-128,Elena Carrión,Corporativo,Quito,Pichincha,Sierra,Mobiliario,Libreros,Librero 5 repisas,3,,62.96,-2.04,346.2
785,AM-2026-0231,2025-11-05,2025-11-08,Segunda Clase,CL-116,Daniela Loor,Corporativo,Guayaquil,Guayas,Costa,Tecnología,Accesorios,Teclado Genius KB-100,2,0.0,40.82,4.83,451.75
786,AM-2026-0167,2025-10-09,2025-10-10,Estándar,CL-166,Nadia Reinoso,Consumidor,Guayaquil,Guayas,Costa,Mobiliario,Sillas,Silla ejecutiva Ofix,3,,59.26,-8.78,640.96
787,AM-2026-0193,2026-06-18,2026-06-20,Segunda Clase,CL-113,Francisco Mera,Corporativo,Guayaquil,Guayas,Costa,Mobiliario,Libreros,Librero 5 repisas,3,0.3,127.53,-23.65,407.55
788,AM-2026-0044,2025-10-20,2025-10-24,Estándar,CL-111,Jorge Intriago,PYME,Machala,El Oro,Costa,Suministros,Archivadores,Archivador Leitz A-Z,2,0.3,36.62,3.02,265.77
789,AM-2026-0346,2026-03-02,2026-03-03,Estándar,,,Corporativo,Guayaquil,Guayas,Costa,Mobiliario,Sillas,Silla plegable Rimax,2,0.0,20.72,-9999.0,219.96
790,AM-2026-0217,2025-10-29,2025-10-30,Mismo Día,CL-158,Marcela Yépez,Corporativo,Guayaquil,Guayas,Costa,Mobiliario,Mesas,Mesa de reuniones 180cm,1,0.0,16.72,-0.07,546.4
791,AM-2026-0364,2025-09-26,2025-09-28,Segunda Clase,CL-161,Hernán Cobo,Corporativo,Quito,Pichincha,Sierra,Mobiliario,Libreros,Estante metálico Beta,4,0.3,121.88,-21.56,581.06
792,AM-2026-0406,2026-04-14,2026-04-16,Estándar,CL-148,Rosa Chiriboga,Consumidor,Quito,Pichincha,Sierra,Tecnología,Copiadoras,Impresora HP Smart Tank 515,5,0.3,675.25,-78.39,760.35
793,AM-2026-0251,2026-06-03,2026-06-06,Mismo Día,,,PYME,Portoviejo,Manabí,Costa,Suministros,Arte,Cinta adhesiva Scotch x6,1,0.3,10.22,2.33,148.83
794,AM-2026-0314,2026-05-06,2026-05-09,Estándar,CL-119,Óscar Bravo,Corporativo,Guayaquil,Guayas,Costa,Tecnología,Teléfonos,Xiaomi Redmi 13,-7,0.2,145.82,-1.22,145.82
795,AM-2026-0319,2026-05-26,2026-05-27,Estándar,CL-121,Hernán Cobo,Consumidor,Puerto Ayora,Galápagos,Galápagos,Mobiliario,Sillas,Silla plegable Rimax,2,0.3,16.94,-5.21,223.44
796,AM-2026-0045,2025-12-21,2025-12-25,Estándar,CL-154,Gabriela Ponce,Consumidor,Guayaquil,Guayas,Costa,Suministros,Archivadores,Caja archivo x10,5,0.0,430.65,92.98,745.17
797,AM-2026-0335,2026-08-20,2026-08-23,Primera Clase,CL-155,Ramiro Quishpe,Corporativo,Portoviejo,Manabí,Costa,Tecnología,Teléfonos,Teléfono Nokia C32,1,0.2,37.66,-0.04,690.19
798,AM-2026-0372,2026-06-14,2026-06-15,Primera Clase,CL-125,Patricio Alarcón,Corporativo,Machala,El Oro,Costa,Tecnología,Teléfonos,Xiaomi Redmi 13,4,0.0,60.64,10.57,379.46
799,AM-2026-0332,2026-05-07,2026-05-14,Primera Clase,CL-169,Fabián Ortiz,Consumidor,Guayaquil,Guayas,Costa,Mobiliario,Mesas,Mesa de reuniones 180cm,6,0.0,187.38,17.64,582.99
800,AM-2026-0022,2025-09-21,2025-09-24,Primera Clase,CL-150,Verónica Cruz,PYME,Cuenca,Azuay,Sierra,Tecnología,Copiadoras,Impresora HP Smart Tank 515,1,0.0,62.26,12.2,247.79
801,AM-2026-0246,2026-03-02,2026-03-07,Primera Clase,CL-131,Milton Cajas,Corporativo,Quito,Pichincha,Sierra,Suministros,Arte,Marcadores Sharpie x12,1,0.2,18.99,0.02,44.5
802,AM-2026-0350,2026-07-07,2026-07-12,Mismo Día,CL-171,Milton Cajas,PYME,Manta,Manabí,Costa,Mobiliario,Mesas,Mesa de reuniones 180cm,4,,141.6,13.15,1029.72
803,AM-2026-0159,2026-08-15,2026-08-21,Primera Clase,,,Corporativo,Guayaquil,Guayas,Costa,Tecnología,Teléfonos,Teléfono Nokia C32,4,0.2,498.14,-8.33,931.51
804,AM-2026-0180,2026-01-30,2026-01-31,Segunda Clase,CL-161,Hernán Cobo,Corporativo,Santo Domingo,Santo Domingo de los Tsáchilas,Costa,Mobiliario,Sillas,Silla ejecutiva Ofix,1,0.0,48.6,5.38,382.74
805,AM-2026-0193,2026-06-18,2026-06-20,Segunda Clase,CL-113,Francisco Mera,Corporativo,Guayaquil,Guayas,Costa,Mobiliario,Mesas,Escritorio en L Maderkit,5,0.0,109.0,5.08,407.55
806,AM-2026-0082,2025-10-08,2025-10-11,Mismo Día,CL-110,Verónica Cruz,Corporativo,Ambato,Tungurahua,Sierra,Mobiliario,Mesas,Mesa de reuniones 180cm,2,0.0,106.92,6.09,485.6
807,AM-2026-0304,2026-06-20,2026-06-21,Segunda Clase,CL-131,Milton Cajas,Corporativo,Guayaquil,Guayas,Costa,Suministros,Archivadores,Archivador Leitz A-Z,7,0.0,419.51,92.86,932.02
808,AM-2026-0205,2026-01-17,2026-01-20,Segunda Clase,CL-124,Sofía Arteaga,Consumidor,Quito,Pichincha,Sierra,Tecnología,Accesorios,Teclado Genius KB-100,3,0.0,41.22,6.8,971.12
809,AM-2026-0081,2026-06-27,2026-07-02,Estándar,CL-132,Priscila Vera,PYME,Manta,Manabí,Costa,Suministros,Archivadores,Archivador Leitz A-Z,3,0.0,143.97,30.83,330.64
810,AM-2026-0273,2026-06-19,2026-06-21,Mismo Día,CL-154,Gabriela Ponce,Consumidor,Ambato,Tungurahua,Sierra,Tecnología,Teléfonos,Xiaomi Redmi 13,2,0.0,28.88,9.36,88.74
811,AM-2026-0325,2025-11-21,2025-11-23,Estándar,CL-164,Sofía Arteaga,Corporativo,Quito,Pichincha,Sierra,Suministros,Papelería,Carpetas manila x25,7,0.0,1125.81,248.59,1125.81
812,AM-2026-0164,2025-10-24,2025-10-26,Segunda Clase,,,PYME,Quito,Pichincha,Sierra,Mobiliario,Sillas,Silla ejecutiva Ofix,6,0.1,305.96,0.56,661.9
813,AM-2026-0018,2026-02-06,2026-02-08,Mismo Día,CL-175,Rodrigo Pinos,Consumidor,Quito,Pichincha,Sierra,Tecnología,Teléfonos,Xiaomi Redmi 13,1,0.0,18.45,3.79,113.41
814,AM-2026-0428,2026-08-27,2026-09-02,Primera Clase,CL-167,Gustavo Palma,Corporativo,Guayaquil,Guayas,Costa,Suministros,Papelería,Carpetas manila x25,1,0.0,10.38,-0.84,410.65
815,AM-2026-0168,2025-12-13,2025-12-18,Segunda Clase,CL-119,Óscar Bravo,Corporativo,Ambato,Tungurahua,Sierra,Tecnología,Copiadoras,Impresora HP Smart Tank 515,3,,34.29,2.21,104.37
816,AM-2026-0418,2026-02-06,2026-02-11,Mismo Día,CL-112,Paola Cárdenas,Consumidor,Guayaquil,Guayas,Costa,Mobiliario,Libreros,Librero 5 repisas,5,0.0,181.15,13.83,550.15
817,AM-2026-0133,2025-12-19,2025-12-25,Estándar,CL-172,Priscila Vera,Consumidor,Quito,Pichincha,Sierra,Mobiliario,Mesas,Mesa de reuniones 180cm,4,0.2,55.14,-3.89,143.47
818,AM-2026-0058,2025-11-28,2025-11-30,Segunda Clase,CL-147,Diego Paredes,PYME,Puerto Ayora,Galápagos,Galápagos,Suministros,Papelería,Cuaderno universitario Norma,5,0.0,102.7,22.38,462.19
819,AM-2026-0355,2026-08-26,2026-08-27,Segunda Clase,CL-166,Nadia Reinoso,Consumidor,Tena,Napo,Amazonía,Suministros,Arte,Marcadores Sharpie x12,6,0.1,357.86,46.97,431.62
820,AM-2026-0202,10/01/2026,14/01/2026,Segunda Clase,CL-151,Jorge Intriago,Consumidor,Ambato,Tungurahua,Sierra,Mobiliario,Mesas,Escritorio en L Maderkit,3,0.0,25.17,5.67,44.2
821,AM-2026-0369,2025-09-25,2025-09-29,Primera Clase,CL-132,Priscila Vera,PYME,Quito,Pichincha,Sierra,Tecnología,Teléfonos,Xiaomi Redmi 13,5,0.0,60.6,10.31,692.49
822,AM-2026-0089,2026-01-15,2026-01-19,Estándar,CL-151,Jorge Intriago,Consumidor,Portoviejo,Manabí,Costa,Mobiliario,Libreros,Librero 5 repisas,1,0.1,21.87,0.5,307.97
823,AM-2026-0252,2025-11-24,2025-12-01,Mismo Día,CL-129,Fabián Ortiz,PYME,Puerto Ayora,Galápagos,Galápagos,Suministros,Archivadores,Archivador Leitz A-Z,5,0.1,25.88,6.36,57.36
824,AM-2026-0156,2026-02-05,2026-02-11,Segunda Clase,CL-152,Paola Cárdenas,Corporativo,Guayaquil,Guayas,Costa,Suministros,Arte,Cinta adhesiva Scotch x6,2,0.0,19.82,4.73,118.73
825,AM-2026-0212,2026-01-07,2026-01-14,Estándar,CL-137,Iván Sarango,Corporativo,Loja,Loja,Sierra,Suministros,Archivadores,Archivador Leitz A-Z,5,0.3,225.26,-14.76,315.54
826,AM-2026-0402,2026-07-02,2026-07-05,Primera Clase,CL-166,Nadia Reinoso,Consumidor,Loja,Loja,Sierra,Mobiliario,Mesas,Escritorio en L Maderkit,6,0.2,36.14,-2.49,178.27
827,AM-2026-0187,2025-11-25,2025-12-01,Segunda Clase,CL-118,Marcela Yépez,Consumidor,Machala,El Oro,Costa,Tecnología,Accesorios,Cargador Anker 20W,2,0.1,37.91,2.98,2139.42
828,AM-2026-0295,2026-02-10,2026-02-12,Segunda Clase,CL-160,Tatiana Mendoza,Consumidor,Portoviejo,Manabí,Costa,Tecnología,Teléfonos,Teléfono Nokia C32,2,0.0,630.16,101.27,875.55
829,AM-2026-0234,2026-08-31,2026-09-06,Primera Clase,CL-149,Andrés Molina,Corporativo,Tena,Napo,Amazonía,Tecnología,Copiadoras,Copiadora Epson EcoTank L3250,6,0.1,68.53,3.78,68.53
830,AM-2026-0044,2025-10-20,2025-10-24,Estándar,CL-111,Jorge Intriago,PYME,Machala,El Oro,Costa,Mobiliario,Sillas,Silla plegable Rimax,3,0.1,85.56,-0.45,265.77
831,AM-2026-0297,2026-08-24,2026-08-30,Segunda Clase,CL-162,Ivonne Macías,PYME,Loja,Loja,Sierra,Suministros,Arte,Marcadores Sharpie x12,1,0.2,8.45,0.13,114.51
832,AM-2026-0212,2026-01-07,2026-01-14,Estándar,CL-137,Iván Sarango,Corporativo,Loja,Loja,Sierra,Suministros,Archivadores,Archivador Leitz A-Z,5,0.3,225.26,-14.76,315.54
833,AM-2026-0293,2026-08-21,2026-08-24,Segunda Clase,CL-162,Ivonne Macías,PYME,Quito,Pichincha,Sierra,Tecnología,Copiadoras,Copiadora Epson EcoTank L3250,7,0.0,864.78,142.33,919.32
834,AM-2026-0075,2025-12-30,2026-01-02,Primera Clase,CL-107,Diego Paredes,Corporativo,Cuenca,Azuay,Sierra,Tecnología,Copiadoras,Copiadora Epson EcoTank L3250,4,0.3,172.54,-24.73,666.82
835,AM-2026-0102,2026-05-22,2026-05-24,Estándar,CL-110,Verónica Cruz,Corporativo,Portoviejo,Manabí,Costa,Tecnología,Teléfonos,Samsung Galaxy A15,3,0.0,31.17,1.92,507.24
836,AM-2026-0382,2025-10-13,2025-10-18,Estándar,CL-172,Priscila Vera,Consumidor,Guayaquil,Guayas,Costa,Suministros,Archivadores,Caja archivo x10,6,0.0,106.56,20.57,272.82
837,AM-2026-0131,2026-08-06,2026-08-13,Segunda Clase,CL-149,Andrés Molina,Corporativo,Quito,Pichincha,Sierra,Suministros,Arte,Marcadores Sharpie x12,2,0.1,34.49,7.71,642.12
838,AM-2026-0270,2026-02-02,2026-02-08,Mismo Día,CL-124,Sofía Arteaga,Consumidor,Guayaquil,Guayas,Costa,Mobiliario,Sillas,Silla plegable Rimax,3,0.0,52.65,4.46,764.47
839,AM-2026-0365,2026-04-28,2026-05-02,Segunda Clase,CL-125,Patricio Alarcón,Corporativo,Santo Domingo,Santo Domingo de los Tsáchilas,Costa,Mobiliario,Mesas,Mesa de reuniones 180cm,7,0.0,410.97,33.62,702.47
840,AM-2026-0366,2025-09-06,2025-09-08,Segunda Clase,CL-168,Elena Carrión,PYME,Ambato,Tungurahua,Sierra,Suministros,Arte,Marcadores Sharpie x12,4,0.0,18.76,4.39,871.44
841,AM-2026-0071,2026-08-11,2026-08-13,Estándar,CL-143,Luis Zambrano,Corporativo,Quito,Pichincha,Sierra,Tecnología,Copiadoras,Copiadora Epson EcoTank L3250,-4,0.0,175.52,30.2,438.1
842,AM-2026-0201,2026-01-03,2026-01-04,Estándar,CL-146,Lucía Espinoza,Corporativo,Guayaquil,Guayas,Costa,Mobiliario,Libreros,Estante metálico Beta,4,0.3,367.61,-68.62,926.59
843,AM-2026-0366,2025-09-06,2025-09-08,Segunda Clase,CL-168,Elena Carrión,PYME,Ambato,Tungurahua,Sierra,Mobiliario,Libreros,Librero 5 repisas,4,,70.04,3.96,871.44
844,AM-2026-0418,2026-02-06,2026-02-11,Mismo Día,,,Consumidor,Guayaquil,Guayas,Costa,Mobiliario,Libreros,Estante metálico Beta,4,0.3,100.69,-20.11,550.15
845,AM-2026-0004,2025-09-20,2025-09-22,Primera Clase,CL-128,Elena Carrión,Corporativo,Guayaquil,Guayas,Costa,Mobiliario,Mesas,Mesa de reuniones 180cm,1,0.3,5.57,-1.91,417.91
846,AM-2026-0264,2025-09-29,2025-10-04,Primera Clase,,,Corporativo,Manta,Manabí,Costa,Suministros,Arte,Marcadores Sharpie x12,1,0.1,6.55,1.03,476.55
847,AM-2026-0327,2025-12-27,2026-01-01,Primera Clase,CL-110,Verónica Cruz,Corporativo,Guayaquil,Guayas,Costa,Suministros,Archivadores,Archivador Leitz A-Z,6,0.0,471.3,103.99,706.52
848,AM-2026-0283,2026-04-09,2026-04-12,Estándar,CL-116,Daniela Loor,Corporativo,Machala,El Oro,Costa,Tecnología,Accesorios,Cargador Anker 20W,7,0.1,35.15,4.53,553.35
849,AM-2026-0261,2026-02-17,2026-02-20,Primera Clase,CL-119,Óscar Bravo,Corporativo,Tena,Napo,Amazonía,Tecnología,Copiadoras,Impresora HP Smart Tank 515,3,0.0,79.2,12.79,226.43
850,AM-2026-0255,2025-09-16,2025-09-17,Primera Clase,,,Consumidor,Machala,El Oro,Costa,Suministros,Papelería,Resma papel A4 75g,7,0.1,631.7,76.33,956.74
851,AM-2026-0268,2025-10-09,2025-10-13,Estándar,CL-116,Daniela Loor,Corporativo,Cuenca,Azuay,Sierra,Suministros,Papelería,Cuaderno universitario Norma,6,0.1,38.88,3.67,188.94
852,AM-2026-0393,2026-02-09,2026-02-12,Segunda Clase,CL-148,Rosa Chiriboga,Consumidor,Guayaquil,Guayas,Costa,Mobiliario,Mesas,Escritorio en L Maderkit,4,,78.72,-4.82,161.19
853,AM-2026-0177,2026-03-13,2026-03-18,Primera Clase,CL-109,Andrés Molina,Consumidor,Sto. Domingo,Santo Domingo de los Tsáchilas,Costa,Tecnología,Copiadoras,Copiadora Epson EcoTank L3250,3,0.2,98.78,3.17,278.77
854,AM-2026-0122,2025-09-27,2025-10-04,Segunda Clase,CL-130,Karla Bustamante,Consumidor,Quito,Pichincha,Sierra,Mobiliario,Sillas,Silla ejecutiva Ofix,3,0.0,862.29,70.58,1112.65
855,AM-2026-0356,2025-09-28,2025-10-05,Segunda Clase,CL-118,Marcela Yépez,Consumidor,Guayaquil,Guayas,Costa,Tecnología,Copiadoras,Impresora HP Smart Tank 515,6,,93.12,11.95,229.97
856,AM-2026-0360,2026-04-12,2026-04-18,Mismo Día,CL-104,Carmen Vélez,Corporativo,Tena,Napo,Amazonía,Tecnología,Accesorios,Audífonos JBL Tune,7,0.0,376.67,61.68,1007.18
857,AM-2026-0118,2026-03-19,2026-03-20,Estándar,CL-114,Gabriela Ponce,PYME,Guayaquil,Guayas,Costa,Tecnología,Teléfonos,Xiaomi Redmi 13,4,0.2,55.65,-0.79,83.44
858,AM-2026-0259,28/12/2025,01/01/2026,Mismo Día,CL-163,Byron Toapanta,Consumidor,Loja,Loja,Sierra,Mobiliario,Sillas,Silla ejecutiva Ofix,3,0.0,38.82,3.56,161.3
859,AM-2026-0207,2026-03-30,2026-04-03,Estándar,CL-125,Patricio Alarcón,Corporativo,Guayaquil,Guayas,Costa,Mobiliario,Sillas,Silla ejecutiva Ofix,1,0.0,15.81,1.22,15.81
860,AM-2026-0058,2025-11-28,2025-11-30,Segunda Clase,CL-147,Diego Paredes,PYME,Puerto Ayora,Galápagos,Galápagos,Suministros,Arte,Cinta adhesiva Scotch x6,4,0.0,108.8,25.59,462.19
861,AM-2026-0405,2026-01-18,2026-01-21,Primera Clase,,,PYME,Guayaquil,Guayas,Costa,Tecnología,Copiadoras,Copiadora Epson EcoTank L3250,5,0.1,52.24,8.12,344.7
862,AM-2026-0368,2025-12-12,2025-12-19,Estándar,CL-140,María Salazar,Corporativo,Loja,Loja,Sierra,Suministros,Papelería,Carpetas manila x25,7,0.0,761.18,168.41,792.48
863,AM-2026-0029,2025-12-06,2025-12-10,Estándar,CL-124,Sofía Arteaga,Consumidor, Quito,Pichincha,Sierra,Tecnología,Teléfonos,Teléfono Nokia C32,4,0.0,88.76,13.6,1047.34
864,AM-2026-0101,2026-01-03,2026-01-04,Mismo Día,CL-167,Gustavo Palma,Corporativo,Santo Domingo,Santo Domingo de los Tsáchilas,Costa,Suministros,Archivadores,Caja archivo x10,3,0.2,30.07,5.56,184.86
865,AM-2026-0112,2026-08-09,2026-08-13,Mismo Día,CL-119,Óscar Bravo,Corporativo,Cuenca,Azuay,Sierra,Tecnología,Teléfonos,Xiaomi Redmi 13,3,0.1,151.52,12.33,903.83
866,AM-2026-0337,2026-06-29,2026-07-06,Segunda Clase,CL-139,Héctor Anchundia,Consumidor,Guayaquil,Guayas,Costa,Tecnología,Accesorios,Cargador Anker 20W,7,0.1,146.29,11.27,889.0
867,AM-2026-0336,2026-08-20,2026-08-21,Mismo Día,CL-115,Ramiro Quishpe,Consumidor,Manta,Manabí,Costa,Mobiliario,Sillas,Silla plegable Rimax,3,,1461.72,-149.88,1743.16
868,AM-2026-0400,2026-06-13,2026-06-20,Estándar,CL-123,Byron Toapanta,PYME,Quito,Pichincha,Sierra,Suministros,Arte,Marcadores Sharpie x12,7,0.0,89.39,20.19,411.21
869,AM-2026-0397,2025-11-29,2025-12-06,Estándar,CL-175,Rodrigo Pinos,Consumidor,Guayaquil,Guayas,Costa,Suministros,Archivadores,Caja archivo x10,7,,161.63,34.43,248.99
870,AM-2026-0031,2026-08-06,2026-08-09,Segunda Clase,CL-159,Óscar Bravo,PYME,Loja,Loja,Sierra,Suministros,Arte,Marcadores Sharpie x12,1,0.1,24.34,2.5,467.27
871,AM-2026-0324,2026-07-27,2026-07-29,Mismo Día,CL-163,Byron Toapanta,Consumidor,Loja,Loja,Sierra,Tecnología,Accesorios,Audífonos JBL Tune,6,0.0,139.02,24.56,416.46
872,AM-2026-0164,2025-10-24,2025-10-26,Segunda Clase,CL-129,Fabián Ortiz,PYME,Quito,Pichincha,Sierra,Suministros,Archivadores,Archivador Leitz A-Z,1,0.0,68.77,14.87,661.9
873,AM-2026-0419,2026-06-27,2026-06-29,Mismo Día,,,Consumidor,Manta,Manabí,Costa,Tecnología,Accesorios,Teclado Genius KB-100,3,0.1,117.67,10.12,165.94
874,AM-2026-0310,2025-09-22,2025-09-25,Primera Clase,CL-127,Gustavo Palma,Consumidor,Cuenca,Azuay,Sierra,Tecnología,Accesorios,Cargador Anker 20W,1,,24.91,2.38,161.39
875,AM-2026-0429,2026-07-25,2026-07-26,Estándar,CL-127,Gustavo Palma,Consumidor,Cuenca,Azuay,Sierra,Tecnología,Copiadoras,Copiadora Epson EcoTank L3250,5,0.3,31.6,-3.4,368.19
876,AM-2026-0317,2026-06-23,2026-06-28,Mismo Día,CL-141,José Cedeño,PYME,Manta,Manabí,Costa,Tecnología,Accesorios,Audífonos JBL Tune,1,0.0,6.08,1.56,97.66
877,AM-2026-0115,2025-12-15,2025-12-17,Primera Clase,CL-126,Nadia Reinoso,PYME,Guayaquil,Guayas,Costa,Suministros,Archivadores,Caja archivo x10,1,0.3,23.81,-1.47,888.64
878,AM-2026-0004,2025-09-20,2025-09-22,Primera Clase,CL-128,Elena Carrión,Corporativo,Guayaquil,Guayas,Costa,Mobiliario,Mesas,Mesa de reuniones 180cm,1,0.3,5.57,-1.91,417.91
879,AM-2026-0244,2026-01-16,2026-01-22,Mismo Día,CL-173,Wilson Chila,Corporativo,Guayaquil,Guayas,Costa,Mobiliario,Sillas,Silla ejecutiva Ofix,5,0.0,172.55,14.97,459.43
880,AM-2026-0165,2026-08-30,2026-09-06,Segunda Clase,CL-159,Óscar Bravo,PYME,Tena,Napo,Amazonía,Suministros,Papelería,Carpetas manila x25,6,0.0,266.16,58.28,380.9
881,AM-2026-0273,2026-06-19,2026-06-21,Mismo Día,CL-154,Gabriela Ponce,Consumidor,Ambato,Tungurahua,Sierra,Suministros,Papelería,Carpetas manila x25,1,0.1,29.56,7.22,88.74
882,AM-2026-0011,2025-10-25,2025-10-31,Mismo Día,CL-130,Karla Bustamante,Consumidor,Quito,Pichincha,Sierra,Suministros,Papelería,Cuaderno universitario Norma,3,0.0,48.42,12.35,235.53
883,AM-2026-0344,2026-06-30,2026-07-01,Estándar,CL-107,Diego Paredes,Corporativo,Guayaquil,Guayas,Costa,Tecnología,Accesorios,Cargador Anker 20W,5,,282.83,-30.71,619.64
884,AM-2026-0144,2026-03-22,2026-03-29,Primera Clase,SIN-ID,,Corporativo,Quito,Pichincha,Sierra,Suministros,Archivadores,Archivador Leitz A-Z,3,0.1,20.36,6.85,97.21
885,AM-2026-0196,2025-10-04,2025-10-06,Segunda Clase,,,Consumidor,Guayaquil,Guayas,Costa,Tecnología,Teléfonos,Xiaomi Redmi 13,4,0.1,316.4,21.21,362.43
886,AM-2026-0132,2026-05-10,2026-05-13,Segunda Clase,CL-115,Ramiro Quishpe,Consumidor,Quito,Pichincha,Sierra,Tecnología,Accesorios,Teclado Genius KB-100,1,0.0,39.59,6.91,106.79
887,AM-2026-0261,2026-02-17,2026-02-20,Primera Clase,CL-119,Óscar Bravo,Corporativo,Tena,Napo,Amazonía,Suministros,Archivadores,Caja archivo x10,5,0.1,73.76,11.4,226.43
888,AM-2026-0337,2026-06-29,2026-07-06,Segunda Clase,CL-139,Héctor Anchundia,Consumidor,Guayaquil,Guayas,Costa,Suministros,Archivadores,Archivador Leitz A-Z,4,,377.82,49.62,889.0
889,AM-2026-0312,2026-06-26,2026-06-27,Estándar,CL-163,Byron Toapanta,Consumidor,Ambato,Tungurahua,Sierra,Mobiliario,Mesas,Escritorio en L Maderkit,4,0.2,77.92,-5.98,483.37
890,AM-2026-0416,24/07/2026,25/07/2026,Mismo Día,CL-119,Óscar Bravo,Corporativo,Quito,Pichincha,Sierra,Tecnología,Copiadoras,Copiadora Epson EcoTank L3250,6,,340.02,54.98,529.74
891,AM-2026-0206,2026-08-28,2026-08-30,Estándar,CL-110,Verónica Cruz,Corporativo,Quito,Pichincha,Sierra,Mobiliario,Sillas,Silla ejecutiva Ofix,5,0.0,186.75,12.49,186.75
892,AM-2026-0418,2026-02-06,2026-02-11,Mismo Día,CL-112,Paola Cárdenas,Consumidor,Guayaquil,Guayas,Costa,Suministros,Archivadores,Caja archivo x10,6,,188.4,42.07,550.15
893,AM-2026-0130,2026-04-09,2026-04-16,Mismo Día,CL-144,Carmen Vélez,PYME,Quito,Pichincha,Sierra,Mobiliario,Libreros,Estante metálico Beta,3,0.0,72.81,7.52,72.81
894,AM-2026-0032,2025-10-23,2025-10-24,Segunda Clase,CL-109,Andrés Molina,Consumidor,Santo Domingo,Santo Domingo de los Tsáchilas,Costa,Tecnología,Teléfonos,Samsung Galaxy A15,7,0.0,55.86,10.42,652.68
895,AM-2026-0324,2026-07-27,2026-07-29,Mismo Día,CL-163,Byron Toapanta,Consumidor,Loja,Loja,Sierra,Suministros,Arte,Marcadores Sharpie x12,4,0.0,32.52,5.83,416.46
896,AM-2026-0202,2026-01-10,2026-01-14,Segunda Clase,,,Consumidor,Ambato,Tungurahua,Sierra,Tecnología,Teléfonos,Teléfono Nokia C32,3,0.3,19.03,-3.6,44.2
897,AM-2026-0079,2025-10-04,2025-10-07,Mismo Día,CL-147,Diego Paredes,PYME,Cuenca,Azuay,Sierra,Suministros,Archivadores,Caja archivo x10,2,,125.54,25.91,291.41
898,AM-2026-0274,2026-01-18,2026-01-22,Segunda Clase,CL-121,Hernán Cobo,Consumidor,Quito,,Sierra,Mobiliario,Libreros,Librero 5 repisas,1,0.0,"$13,48",0.79,834.57
899,AM-2026-0115,2025-12-15,2025-12-17,Primera Clase,CL-126,Nadia Reinoso,PYME,Guayaquil,Guayas,Costa,Suministros,Arte,Marcadores Sharpie x12,5,0.1,133.29,14.59,888.64
900,AM-2026-0051,2025-09-03,2025-09-08,Estándar,CL-170,Karla Bustamante,Corporativo,Manta,Manabí,Costa,Tecnología,Accesorios,Cargador Anker 20W,1,,103.28,6.47,474.88
901,AM-2026-0120,2025-11-10,2025-11-16,Primera Clase,CL-165,Patricio Alarcón,PYME,Machala,El Oro,Costa,Suministros,Arte,Marcadores Sharpie x12,2,0.0,62.58,12.96,62.58
902,AM-2026-0190,2026-07-21,2026-07-25,Estándar,CL-124,Sofía Arteaga,Consumidor,Ambato,Tungurahua,Sierra,Suministros,Arte,Marcadores Sharpie x12,5,0.0,172.25,39.59,627.51
903,AM-2026-0003,2026-02-14,2026-02-17,Segunda Clase,CL-118,Marcela Yépez,Consumidor,Guayaquil,Guayas,Costa,Suministros,Arte,Marcadores Sharpie x12,5,,35.14,3.26,237.75
904,AM-2026-0009,2026-01-22,2026-01-24,Segunda Clase,CL-125,Patricio Alarcón,Corporativo,Portoviejo,Manabí,Costa,Mobiliario,Libreros,Librero 5 repisas,7,0.0,165.41,15.69,571.16
905,AM-2026-0111,2026-05-13,2026-05-14,Mismo Día,CL-115,Ramiro Quishpe,Consumidor,quito,Pichincha,Sierra,Mobiliario,Libreros,Librero 5 repisas,4,0.2,117.82,-8.0,117.82
906,AM-2026-0383,2026-06-26,2026-07-03,Primera Clase,CL-172,Priscila Vera,Consumidor,Santo Domingo,Santo Domingo de los Tsáchilas,Costa,Suministros,Papelería,Cuaderno universitario Norma,5,0.3,38.92,-0.48,422.24
907,AM-2026-0068,2026-04-06,2026-04-13,Primera Clase,CL-172,Priscila Vera,Consumidor,Guayaquil,Guayas,Costa,Suministros,Archivadores,Archivador Leitz A-Z,4,0.0,213.0,48.57,682.25
908,AM-2026-0213,2025-10-12,2025-10-13,Primera Clase,CL-179,Héctor Anchundia,Corporativo,Machala,El Oro,Costa,Suministros,Papelería,Cuaderno universitario Norma,7,0.3,210.26,-11.01,550.34
909,AM-2026-0189,2025-12-28,2026-01-02,Segunda Clase,CL-173,Wilson Chila,Corporativo,Loja,Loja,Sierra,Tecnología,Copiadoras,Copiadora Epson EcoTank L3250,2,0.1,38.09,-0.05,482.8
910,AM-2026-0105,2026-06-16,2026-06-21,Mismo Día,CL-154,Gabriela Ponce,Consumidor,Guayaquil,Guayas,Costa,Tecnología,Copiadoras,Copiadora Epson EcoTank L3250,5,0.2,88.2,0.38,2209.04
911,AM-2026-0010,2026-08-11,2026-08-13,Primera Clase,CL-155,Ramiro Quishpe,Corporativo,Guayaquil,Guayas,Costa,Mobiliario,Libreros,Librero 5 repisas,3,0.0,89.61,8.76,163.71
912,AM-2026-0401,2026-03-03,2026-03-08,Primera Clase,CL-142,Ana Tituaña,Consumidor,Ambato,Tungurahua,Sierra,Mobiliario,Mesas,Escritorio en L Maderkit,6,0.3,161.53,-30.75,368.09
913,AM-2026-0228,2026-02-14,2026-02-20,Mismo Día,CL-177,Iván Sarango,PYME,Guayaquil,Guayas,Costa,Tecnología,Accesorios,Cargador Anker 20W,4,0.0,216.0,32.63,281.8
914,AM-2026-0262,2025-09-13,2025-09-18,Estándar,CL-144,Carmen Vélez,PYME,Santo Domingo,Santo Domingo de los Tsáchilas,Costa,Mobiliario,Mesas,Escritorio en L Maderkit,1,,6.26,-0.41,1327.1
915,AM-2026-0392,2026-03-25,2026-03-29,Primera Clase,CL-104,Carmen Vélez,Corporativo,Quito,Pichincha,Sierra,Mobiliario,Libreros,Librero 5 repisas,6,,219.54,20.04,370.49
916,AM-2026-0087,2025-12-12,2025-12-15,Mismo Día,CL-106,Lucía Espinoza,Consumidor,Machala,El Oro,Costa,Mobiliario,Sillas,Silla ejecutiva Ofix,7,0.0,423.43,34.47,423.43
917,AM-2026-0025,2026-08-05,2026-08-08,Primera Clase,,,Consumidor,Guayaquil,Guayas,Costa,Tecnología,Copiadoras,Impresora HP Smart Tank 515,6,0.0,501.42,76.59,501.42
918,AM-2026-0064,2025-09-25,2025-09-30,Primera Clase,CL-179,Héctor Anchundia,Corporativo,Guayaquil,Guayas,Costa,Mobiliario,Mesas,Mesa de reuniones 180cm,7,0.0,461.79,37.88,884.01
919,AM-2026-0254,2026-04-25,2026-04-30,Primera Clase,CL-145,Pedro Guamán,Consumidor,Guayaquil,Guayas,Costa,Suministros,Papelería,Resma papel A4 75g,7,0.0,96.74,22.01,605.82
920,AM-2026-0429,2026-07-25,2026-07-26,Estándar,CL-127,Gustavo Palma,Consumidor,Cuenca,Azuay,Sierra,Suministros,Papelería,Carpetas manila x25,4,0.2,86.14,1.15,368.19
921,AM-2026-0088,2026-08-14,2026-08-20,Estándar,CL-139,Héctor Anchundia,Consumidor,Santo Domingo,Santo Domingo de los Tsáchilas,Costa,Mobiliario,Sillas,Silla ejecutiva Ofix,7,0.3,235.3,-44.64,424.63
922,AM-2026-0020,2026-07-11,2026-07-12,Mismo Día,CL-122,Ivonne Macías,Corporativo,Guayaquil,Guayas,Costa,Tecnología,Teléfonos,Samsung Galaxy A15,6,0.3,53.42,-3.59,220.92
923,AM-2026-0212,2026-01-07,2026-01-14,Estándar,CL-137,Iván Sarango,Corporativo,Loja,Loja,Sierra,Tecnología,Accesorios,Audífonos JBL Tune,6,0.1,60.05,5.67,315.54
924,AM-2026-0197,2026-03-18,2026-03-22,Mismo Día,CL-102,Ana Tituaña,PYME,Machala,El Oro,Costa,Suministros,Archivadores,Caja archivo x10,6,0.2,234.05,11.12,286.66
925,AM-2026-0421,2026-04-13,2026-04-16,Segunda Clase,CL-176,Cynthia Baque,Corporativo,Loja,Loja,Sierra,Suministros,Arte,Marcadores Sharpie x12,6,0.2,217.92,8.25,430.24
926,AM-2026-0056,2026-03-15,2026-03-21,Estándar,CL-103,Luis Zambrano,Consumidor,Loja,Loja,Sierra,Tecnología,Copiadoras,Impresora HP Smart Tank 515,4,0.0,119.24,19.97,240.92
927,AM-2026-0033,2026-02-28,2026-03-04,Segunda Clase,CL-161,Hernán Cobo,Corporativo,Quito,Pichincha,Sierra,Tecnología,Copiadoras,Copiadora Epson EcoTank L3250,2,0.2,164.91,-9999.0,918.1
928,AM-2026-0410,2026-05-19,2026-05-22,Estándar,CL-118,Marcela Yépez,Consumidor,Quito,Pichincha,Sierra,Mobiliario,Libreros,Estante metálico Beta,4,0.1,259.34,0.76,1147.11
929,AM-2026-0136,2026-04-15,2026-04-17,Segunda Clase,CL-144,Carmen Vélez,PYME,Quito,Pichincha,Sierra,Mobiliario,Sillas,Silla plegable Rimax,2,0.0,26.72,4.05,653.13
930,AM-2026-0253,2025-12-12,2025-12-19,Primera Clase,CL-112,Paola Cárdenas,Consumidor,Guayaquil,Guayas,Costa,Tecnología,Copiadoras,Impresora HP Smart Tank 515,4,,58.32,8.32,174.79
931,AM-2026-0227,2025-09-24,2025-09-30,Estándar,,,Consumidor,Guayaquil,Guayas,Costa,Tecnología,Copiadoras,Impresora HP Smart Tank 515,6,0.3,57.08,-5.39,249.38
932,AM-2026-0107,2025-09-28,2025-10-01,Mismo Día,CL-135,Rodrigo Pinos,PYME,Ambato,Tungurahua,Sierra,Suministros,Arte,Marcadores Sharpie x12,6,0.0,492.18,105.96,613.7
933,AM-2026-0058,2025-11-28,2025-11-30,Segunda Clase,CL-147,Diego Paredes,PYME,Puerto Ayora,Galápagos,Galápagos,Suministros,Arte,Cinta adhesiva Scotch x6,4,0.0,108.8,25.59,462.19
934,AM-2026-0124,2025-12-03,2025-12-04,Segunda Clase,CL-137,Iván Sarango,Corporativo,Quito,,Sierra,Suministros,Arte,Marcadores Sharpie x12,6,,118.8,26.15,535.64
935,AM-2026-0033,2026-02-28,2026-03-04,Segunda Clase,CL-161,Hernán Cobo,Corporativo,Quito,Pichincha,Sierra,Mobiliario,Mesas,Escritorio en L Maderkit,4,,114.76,10.51,918.1
936,AM-2026-0403,2026-05-19,2026-05-24,Estándar,CL-178,Belén Cornejo,Consumidor,Guayaquil,Guayas,Costa,Tecnología,Copiadoras,Impresora HP Smart Tank 515,2,,27.3,6.36,40.07
937,AM-2026-0395,2026-04-06,2026-04-12,Primera Clase,CL-128,Elena Carrión,Corporativo,Guayaquil,Guayas,Costa,Mobiliario,Mesas,Escritorio en L Maderkit,3,0.2,64.82,-11.03,141.74
938,AM-2026-0306,2026-02-03,2026-02-05,Mismo Día,CL-113,Francisco Mera,Corporativo,Quito,Pichincha,Sierra,Tecnología,Copiadoras,Copiadora Epson EcoTank L3250,3,,146.15,9.26,146.15
939,AM-2026-0364,2025-09-26,2025-09-28,Segunda Clase,CL-161,Hernán Cobo,Corporativo, Quito,Pichincha,Sierra,Mobiliario,Sillas,Silla plegable Rimax,3,0.2,145.22,-13.5,581.06
940,AM-2026-0294,2026-06-30,2026-07-04,Primera Clase,CL-167,Gustavo Palma,Corporativo,Quito,Pichincha,Sierra,Tecnología,Copiadoras,Impresora HP Smart Tank 515,7,0.1,444.21,32.78,444.21
941,AM-2026-0374,2026-08-07,2026-08-12,Mismo Día,CL-123,Byron Toapanta,PYME,Quito,Pichincha,Sierra,Tecnología,Accesorios,Teclado Genius KB-100,3,0.0,49.5,8.08,49.5
942,AM-2026-0129,2026-07-20,2026-07-23,Estándar,CL-144,Carmen Vélez,PYME,Quito,Pichincha,Sierra,Tecnología,Copiadoras,Impresora HP Smart Tank 515,2,0.0,18.32,2.27,188.93
943,AM-2026-0302,2025-12-17,2025-12-20,Estándar,CL-176,Cynthia Baque,Corporativo,Puerto Ayora,Galápagos,Galápagos,Mobiliario,Sillas,Silla plegable Rimax,4,0.1,19.58,-3.03,56.09
944,AM-2026-0088,2026-08-14,2026-08-20,Estándar,CL-139,Héctor Anchundia,Consumidor,Santo Domingo,,Costa,Tecnología,Teléfonos,Teléfono Nokia C32,1,,9.45,-0.12,424.63
945,AM-2026-0396,2025-10-01,2025-10-06,Segunda Clase,CL-134,Marta Aguirre,Corporativo,Tena,Napo,Amazonía,Tecnología,Accesorios,Audífonos JBL Tune,4,0.0,311.48,49.8,1179.23
946,AM-2026-0032,2025-10-23,2025-10-24,Segunda Clase,,,Consumidor,Santo Domingo,Santo Domingo de los Tsáchilas,Costa,Tecnología,Accesorios,Audífonos JBL Tune,4,0.1,96.8,4.27,652.68
947,AM-2026-0079,2025-10-04,2025-10-07,Mismo Día,CL-147,Diego Paredes,PYME,Cuenca,Azuay,Sierra,Mobiliario,Mesas,Mesa de reuniones 180cm,1,0.1,25.39,-0.03,291.41
948,AM-2026-0158,2026-06-30,2026-07-07,Mismo Día,CL-146,Lucía Espinoza,Corporativo,Guayaquil,Guayas,Costa,Tecnología,Copiadoras,Copiadora Epson EcoTank L3250,3,0.0,27.27,4.74,372.17
949,AM-2026-0282,2026-04-19,2026-04-20,Segunda Clase,CL-110,Verónica Cruz,Corporativo,Manta,Manabí,Costa,Tecnología,Accesorios,Mouse Logitech M170,1,,87.52,7.06,87.52
950,AM-2026-0064,2025-09-25,2025-09-30,Primera Clase,CL-179,Héctor Anchundia,Corporativo,Guayaquil,Guayas,Costa,Mobiliario,Mesas,Escritorio en L Maderkit,5,0.0,85.8,3.13,884.01
951,AM-2026-0281,2026-01-21,2026-01-22,Segunda Clase,CL-132,Priscila Vera,PYME,Guayaquil,,Costa,Suministros,Archivadores,Caja archivo x10,5,0.0,93.65,17.3,566.6
952,AM-2026-0425,2026-06-26,2026-07-01,Mismo Día,CL-129,Fabián Ortiz,PYME,Guayaquil,Guayas,Costa,Tecnología,Accesorios,Audífonos JBL Tune,6,,44.98,1.76,450.34
953,AM-2026-0149,2026-01-25,2026-01-30,Primera Clase,CL-173,Wilson Chila,Corporativo,Ambato,Tungurahua,Sierra,Tecnología,Copiadoras,Copiadora Epson EcoTank L3250,7,0.0,152.11,26.08,152.11
954,AM-2026-0382,2025-10-13,2025-10-18,Estándar,CL-172,Priscila Vera,Consumidor,Guayaquil,Guayas,Costa,Mobiliario,Mesas,Mesa de reuniones 180cm,1,,32.19,0.55,272.82
955,AM-2026-0044,2025-10-20,2025-10-24,Estándar,CL-111,Jorge Intriago,PYME,Machala,El Oro,Costa,Tecnología,Copiadoras,Impresora HP Smart Tank 515,4,0.0,19.4,2.58,265.77
956,AM-2026-0044,2025-10-20,2025-10-24,Estándar,CL-111,Jorge Intriago,PYME,Machala,El Oro,Costa,Suministros,Papelería,Carpetas manila x25,6,0.0,"$97,50",22.52,265.77
957,AM-2026-0354,2026-08-04,2026-08-09,Mismo Día,,,PYME,Guayaquil,Guayas,Costa,Tecnología,Teléfonos,Xiaomi Redmi 13,1,0.1,72.35,7.76,301.52
958,AM-2026-0082,2025-10-08,2025-10-11,Mismo Día,CL-110,Verónica Cruz,Corporativo,Ambato,Tungurahua,Sierra,Tecnología,Accesorios,Cargador Anker 20W,5,,93.2,12.12,485.6
959,AM-2026-0354,2026-08-04,2026-08-09,Mismo Día,CL-102,Ana Tituaña,PYME,Guayaquil,,Costa,Mobiliario,Mesas,Mesa de reuniones 180cm,1,0.0,7.86,-2.55,301.52
960,AM-2026-0001,2025-12-17,2025-12-21,Primera Clase,CL-163,Byron Toapanta,Consumidor,Machala,El Oro,Costa,Suministros,Arte,Marcadores Sharpie x12,7,,200.62,45.23,286.82
961,AM-2026-0136,2026-04-15,2026-04-17,Segunda Clase,CL-144,Carmen Vélez,PYME,Quito,Pichincha,Sierra,Tecnología,Copiadoras,Copiadora Epson EcoTank L3250,6,0.2,92.16,-0.55,653.13
962,AM-2026-0138,2026-07-03,2026-07-08,Mismo Día,CL-160,Tatiana Mendoza,Consumidor,QUITO,Pichincha,Sierra,Mobiliario,Mesas,Escritorio en L Maderkit,3,0.1,"$129,82",-1.67,257.8
963,AM-2026-0140,2025-09-17,2025-09-22,Primera Clase,CL-118,Marcela Yépez,Consumidor,Guayaquil,Guayas,Costa,Mobiliario,Sillas,Silla plegable Rimax,7,0.3,334.77,-65.09,334.77
964,AM-2026-0340,2025-12-30,2025-12-31,Mismo Día,CL-123,Byron Toapanta,PYME,Quito,Pichincha,Sierra,Suministros,Archivadores,Archivador Leitz A-Z,4,0.0,94.08,22.98,659.81
965,AM-2026-0031,2026-08-06,2026-08-09,Segunda Clase,CL-159,Óscar Bravo,PYME,Loja,Loja,Sierra,Suministros,Arte,Cinta adhesiva Scotch x6,6,0.0,"$144,96",29.39,467.27
966,AM-2026-0060,2025-12-13,2025-12-17,Mismo Día,,,PYME,Machala,El Oro,Costa,Suministros,Papelería,Resma papel A4 75g,3,0.0,146.67,32.72,499.31
967,AM-2026-0273,2026-06-19,2026-06-21,Mismo Día,CL-154,Gabriela Ponce,Consumidor,Ambato,Tungurahua,Sierra,Tecnología,Copiadoras,Copiadora Epson EcoTank L3250,1,0.0,30.3,4.85,88.74
968,AM-2026-0043,2026-05-03,2026-05-06,Segunda Clase,CL-125,Patricio Alarcón,Corporativo,Guayaquil,Guayas,Costa,Suministros,Archivadores,Archivador Leitz A-Z,1,,93.23,23.23,178.32
969,AM-2026-0223,2026-04-16,2026-04-20,Estándar,CL-151,Jorge Intriago,Consumidor,Cuenca,Azuay,Sierra,Suministros,Arte,Cinta adhesiva Scotch x6,4,0.0,40.32,12.2,579.02
970,AM-2026-0057,2026-05-25,2026-05-30,Primera Clase,CL-103,Luis Zambrano,Consumidor,Loja,Loja,Sierra,Suministros,Archivadores,Archivador Leitz A-Z,2,0.0,68.64,15.26,167.03
971,AM-2026-0392,2026-03-25,2026-03-29,Primera Clase,SIN-ID,,Corporativo,Quito,Pichincha,Sierra,Mobiliario,Libreros,Estante metálico Beta,5,0.0,78.95,6.26,370.49
972,AM-2026-0425,2026-06-26,2026-07-01,Mismo Día,CL-129,Fabián Ortiz,PYME,Guayaquil,Guayas,Costa,Tecnología,Copiadoras,Impresora HP Smart Tank 515,1,0.2,44.08,-1.1,450.34
973,AM-2026-0191,2026-03-29,2026-04-02,Estándar,CL-126,Nadia Reinoso,PYME,Manta,Manabí,Costa,Tecnología,Accesorios,Teclado Genius KB-100,1,0.0,16.9,1.78,934.02
974,AM-2026-0127,2026-05-11,2026-05-12,Primera Clase,CL-132,Priscila Vera,PYME,Ambato,Tungurahua,Sierra,Mobiliario,Sillas,Silla plegable Rimax,4,0.1,31.03,-0.44,865.81
975,AM-2026-0188,2026-05-13,2026-05-20,Primera Clase,CL-175,Rodrigo Pinos,Consumidor,Quito,Pichincha,Sierra,Suministros,Papelería,Carpetas manila x25,5,,76.15,17.17,535.74
976,AM-2026-0295,2026-02-10,2026-02-12,Segunda Clase,CL-160,Tatiana Mendoza,Consumidor,Portoviejo,Manabí,Costa,Suministros,Papelería,Cuaderno universitario Norma,3,0.0,16.92,6.46,875.55
977,AM-2026-0166,2026-03-30,2026-04-03,Mismo Día,CL-176,Cynthia Baque,Corporativo,Guayaquil,Guayas,Costa,Mobiliario,Libreros,Estante metálico Beta,1,0.2,113.93,-9.2,594.87
978,AM-2026-0415,2025-10-30,2025-11-04,Primera Clase,CL-104,Carmen Vélez,Corporativo,Quito,Pichincha,Sierra,Tecnología,Accesorios,Teclado Genius KB-100,3,0.0,31.02,5.6,224.8
979,AM-2026-0185,2026-02-15,2026-02-19,Segunda Clase,CL-165,Patricio Alarcón,PYME,Puerto Ayora,Galápagos,Galápagos,Tecnología,Accesorios,Audífonos JBL Tune,4,0.0,44.16,7.64,44.16
980,AM-2026-0210,2026-06-17,2026-06-22,Estándar,CL-168,Elena Carrión,PYME,Quito,Pichincha,Sierra,Mobiliario,Sillas,Silla plegable Rimax,1,0.2,9.57,-2.23,621.26
981,AM-2026-0231,2025-11-05,2025-11-08,Segunda Clase,,,Corporativo,Guayaquil,Guayas,Costa,Tecnología,Copiadoras,Copiadora Epson EcoTank L3250,4,0.2,99.39,0.58,451.75
982,AM-2026-0178,2025-10-16,2025-10-23,Estándar,SIN-ID,,Corporativo,Quito,Pichincha,Sierra,Mobiliario,Mesas,Escritorio en L Maderkit,5,0.0,57.35,6.45,715.21
983,AM-2026-0377,2026-05-17,2026-05-24,Estándar,CL-116,Daniela Loor,Corporativo,Cuenca,Azuay,Sierra,Mobiliario,Sillas,Silla ejecutiva Ofix,1,0.0,25.44,-0.68,265.27
984,AM-2026-0284,2026-06-04,2026-06-06,Estándar,CL-174,Marta Aguirre,PYME,Manta,Manabí,Costa,Suministros,Papelería,Carpetas manila x25,7,0.0,"$211,68",42.15,245.86
985,AM-2026-0027,2025-10-13,2025-10-14,Estándar,CL-124,Sofía Arteaga,Consumidor,Ambato,Tungurahua,Sierra,Suministros,Papelería,Resma papel A4 75g,2,0.1,70.92,8.87,70.92
986,AM-2026-0331,2026-08-06,2026-08-09,Mismo Día,CL-177,Iván Sarango,PYME,Quito,Pichincha,Sierra,Mobiliario,Libreros,Librero 5 repisas,2,0.0,19.36,2.75,19.36
987,AM-2026-0316,2025-09-16,2025-09-20,Segunda Clase,,,Corporativo,Quito,Pichincha,Sierra,Suministros,Archivadores,Caja archivo x10,2,0.0,"$122,52",24.99,684.35
988,AM-2026-0266,2026-01-02,2026-01-04,Estándar,CL-156,Daniela Loor,PYME,QUITO,Pichincha,Sierra,Suministros,Papelería,Carpetas manila x25,2,0.0,41.04,10.95,541.08
989,AM-2026-0093,04/09/2025,11/09/2025,Primera Clase,,,Consumidor,Guayaquil,Guayas,Costa,Mobiliario,Libreros,Estante metálico Beta,6,0.1,48.92,-1.37,442.63
990,AM-2026-0210,2026-06-17,2026-06-22,Estándar,CL-168,Elena Carrión,PYME,Quito,Pichincha,Sierra,Suministros,Papelería,Carpetas manila x25,6,,324.2,-17.83,621.26
991,AM-2026-0271,2025-12-12,2025-12-13,Estándar,CL-123,Byron Toapanta,PYME,QUITO,Pichincha,Sierra,Suministros,Papelería,Carpetas manila x25,1,,18.07,4.23,312.19
992,AM-2026-0085,2026-04-25,2026-05-02,Segunda Clase,CL-148,Rosa Chiriboga,Consumidor,Ambato,Tungurahua,Sierra,Suministros,Papelería,Resma papel A4 75g,2,0.1,17.5,5.68,377.77
993,AM-2026-0052,2026-07-01,2026-07-04,Primera Clase,CL-152,Paola Cárdenas,Corporativo,Loja,Loja,Sierra,Suministros,Papelería,Carpetas manila x25,7,,211.19,48.4,367.37
994,AM-2026-0208,2026-06-03,2026-06-09,Estándar,CL-168,Elena Carrión,PYME,QUITO,Pichincha,Sierra,Suministros,Arte,Cinta adhesiva Scotch x6,5,0.1,62.1,8.36,261.99
995,AM-2026-0180,2026-01-30,2026-01-31,Segunda Clase,CL-161,Hernán Cobo,Corporativo,Santo Domingo,Santo Domingo de los Tsáchilas,Costa,Suministros,Arte,Marcadores Sharpie x12,2,0.0,13.36,3.53,382.74
996,AM-2026-0346,2026-03-02,2026-03-03,Estándar,CL-134,Marta Aguirre,Corporativo,Guayaquil,Guayas,Costa,Mobiliario,Libreros,Librero 5 repisas,1,0.0,8.76,4.19,219.96
997,AM-2026-0274,2026-01-18,2026-01-22,Segunda Clase,CL-121,Hernán Cobo,Consumidor,Quito,Pichincha,Sierra,Mobiliario,Sillas,Silla ejecutiva Ofix,1,0.0,8.88,1.38,834.57
998,AM-2026-0276,2026-06-29,2026-07-01,Primera Clase,CL-178,Belén Cornejo,Consumidor,Santo Domingo,Santo Domingo de los Tsáchilas,Costa,Suministros,Archivadores,Caja archivo x10,6,0.0,799.74,176.71,1495.97
999,AM-2026-0317,2026-06-23,2026-06-28,Mismo Día,CL-141,José Cedeño,PYME,Manta,Manabí,Costa,Tecnología,Copiadoras,Impresora HP Smart Tank 515,2,0.3,49.56,-5.25,97.66
1000,AM-2026-0264,2025-09-29,2025-10-04,Primera Clase,CL-170,Karla Bustamante,Corporativo,Manta,Manabí,Costa,Suministros,Papelería,Resma papel A4 75g,3,0.0,31.41,5.73,476.55
1001,AM-2026-0280,2026-08-26,2026-08-30,Mismo Día,CL-115,Ramiro Quishpe,Consumidor,Manta,Manabí,Costa,Suministros,Papelería,Cuaderno universitario Norma,3,,31.86,0.76,210.71
1002,AM-2026-0266,2026-01-02,2026-01-04,Estándar,CL-156,Daniela Loor,PYME,Quito,Pichincha,Sierra,Mobiliario,Libreros,Estante metálico Beta,4,0.2,425.76,-42.49,541.08
1003,AM-2026-0199,2025-12-30,2026-01-02,Estándar,CL-145,Pedro Guamán,Consumidor,Cuenca,Azuay,Sierra,Mobiliario,Libreros,Librero 5 repisas,5,0.0,136.6,13.82,657.8
1004,AM-2026-0387,2026-07-14,2026-07-21,Mismo Día,CL-154,Gabriela Ponce,Consumidor,Quito,,Sierra,Mobiliario,Sillas,Silla ejecutiva Ofix,2,0.0,12.72,1.6,181.38
1005,AM-2026-0175,2026-08-16,2026-08-21,Mismo Día,,,PYME,Cuenca,Azuay,Sierra,Mobiliario,Sillas,Silla ejecutiva Ofix,4,0.0,126.12,6.01,275.61
1006,AM-2026-0187,2025-11-25,2025-12-01,Segunda Clase,CL-118,Marcela Yépez,Consumidor,Machala,El Oro,Costa,Tecnología,Accesorios,Audífonos JBL Tune,6,0.0,1821.36,291.73,2139.42
1007,AM-2026-0353,2026-03-21,2026-03-28,Segunda Clase,CL-176,Cynthia Baque,Corporativo,Ambato,Tungurahua,Sierra,Suministros,Papelería,Carpetas manila x25,5,0.2,343.8,13.63,433.42
1008,AM-2026-0242,28/12/2025,01/01/2026,Estándar,CL-111,Jorge Intriago,PYME,Ambato,Tungurahua,Sierra,Tecnología,Accesorios,Cargador Anker 20W,7,0.0,285.53,48.29,698.28
1009,AM-2026-0196,2025-10-04,2025-10-06,Segunda Clase,CL-175,Rodrigo Pinos,Consumidor,Guayaquil,Guayas,Costa,Mobiliario,Libreros,Librero 5 repisas,3,,46.03,-4.93,362.43
1010,AM-2026-0119,2026-08-05,2026-08-06,Mismo Día,CL-137,Iván Sarango,Corporativo,Santo Domingo,Santo Domingo de los Tsáchilas,Costa,Suministros,Arte,Cinta adhesiva Scotch x6,1,0.1,116.24,16.65,449.57
1011,AM-2026-0358,2026-08-18,2026-08-24,Mismo Día,CL-111,Jorge Intriago,PYME,Santo Domingo,Santo Domingo de los Tsáchilas,Costa,Tecnología,Teléfonos,Samsung Galaxy A15,7,0.3,137.69,-10.19,301.84
1012,AM-2026-0109,2025-12-23,2025-12-26,Estándar,CL-137,Iván Sarango,Corporativo,Guayaquil,Guayas,Costa,Mobiliario,Libreros,Estante metálico Beta,2,,29.73,-5.82,103.69
1013,AM-2026-0102,2026-05-22,2026-05-24,Estándar,CL-110,Verónica Cruz,Corporativo,Portoviejo,Manabí,Costa,Mobiliario,Mesas,Mesa de reuniones 180cm,6,0.2,103.68,-10.43,507.24
1014,AM-2026-0126,2025-09-12,2025-09-16,Primera Clase,CL-111,Jorge Intriago,PYME,Guayaquil,Guayas,Costa,Tecnología,Teléfonos,Samsung Galaxy A15,1,0.0,27.53,4.84,390.27
1015,AM-2026-0065,2026-08-11,2026-08-18,Estándar,CL-152,Paola Cárdenas,Corporativo,Ambato,Tungurahua,Sierra,Suministros,Archivadores,Archivador Leitz A-Z,7,0.0,179.76,39.09,3063.55
1016,AM-2026-0220,2025-11-06,2025-11-07,Segunda Clase,CL-100,María Salazar,Consumidor,Guayaquil,Guayas,Costa,Suministros,Papelería,Carpetas manila x25,3,,34.39,-1.27,793.66
1017,AM-2026-0330,2025-12-15,2025-12-17,Segunda Clase,CL-159,Óscar Bravo,PYME,Guayaquil,Guayas,Costa,Tecnología,Teléfonos,Samsung Galaxy A15,4,,174.27,-2.17,174.27
1018,AM-2026-0004,2025-09-20,2025-09-22,Primera Clase,CL-128,Elena Carrión,Corporativo,Guayaquil,Guayas,Costa,Suministros,Papelería,Carpetas manila x25,7,0.3,135.29,-7.74,417.91
1019,AM-2026-0230,2026-08-05,2026-08-09,Primera Clase,CL-160,Tatiana Mendoza,Consumidor,Guayaquil,Guayas,Costa,Tecnología,Accesorios,Mouse Logitech M170,2,0.3,19.15,-5.23,2774.27
1020,AM-2026-0032,2025-10-23,2025-10-24,Segunda Clase,CL-109,Andrés Molina,Consumidor,Santo Domingo,Santo Domingo de los Tsáchilas,Costa,Tecnología,Accesorios,Cargador Anker 20W,1,0.2,13.06,-3.29,652.68
1021,AM-2026-0127,2026-05-11,2026-05-12,Primera Clase,SIN-ID,,PYME,Ambato,Tungurahua,Sierra,Suministros,Papelería,Resma papel A4 75g,7,0.0,803.95,179.23,865.81
1022,AM-2026-0060,2025-12-13,2025-12-17,Mismo Día,CL-117,Esteban Riofrío,PYME,Machala,El Oro,Costa,Mobiliario,Sillas,Silla plegable Rimax,7,0.2,158.14,-14.14,499.31
1023,AM-2026-0051,2025-09-03,2025-09-08,Estándar,CL-170,Karla Bustamante,Corporativo,Manta,Manabí,Costa,Tecnología,Accesorios,Audífonos JBL Tune,3,0.1,74.95,8.96,474.88
1024,AM-2026-0116,2026-01-09,2026-01-12,Mismo Día,CL-124,Sofía Arteaga,Consumidor,Guayaquil,Guayas,Costa,Mobiliario,Sillas,Silla ejecutiva Ofix,7,0.0,215.39,19.39,439.05
1025,AM-2026-0022,2025-09-21,2025-09-24,Primera Clase,CL-150,Verónica Cruz,PYME,Cuenca,Azuay,Sierra,Suministros,Arte,Marcadores Sharpie x12,2,,26.74,7.83,247.79
1026,AM-2026-0237,2026-08-24,2026-08-25,Mismo Día,CL-105,Pedro Guamán,PYME,Guayaquil,Guayas,Costa,Mobiliario,Sillas,Silla ejecutiva Ofix,3,0.0,120.57,7.39,132.95
1027,AM-2026-0226,2026-04-09,2026-04-13,Estándar,CL-163,Byron Toapanta,Consumidor,quito,Pichincha,Sierra,Tecnología,Teléfonos,Teléfono Nokia C32,1,0.0,47.95,7.35,1259.46
1028,AM-2026-0257,2026-03-21,2026-03-24,Estándar,,,Consumidor,Cuenca,Azuay,Sierra,Tecnología,Teléfonos,Xiaomi Redmi 13,3,0.0,81.63,14.07,1137.15
1029,AM-2026-0148,2026-05-21,2026-05-23,Segunda Clase,CL-155,Ramiro Quishpe,Corporativo,Puerto Ayora,Galápagos,Galápagos,Tecnología,Copiadoras,Impresora HP Smart Tank 515,7,,337.93,24.43,337.93
1030,AM-2026-0102,2026-05-22,2026-05-24,Estándar,CL-110,Verónica Cruz,Corporativo,Portoviejo,Manabí,Costa,Suministros,Archivadores,Caja archivo x10,3,0.0,78.24,18.53,507.24
1031,AM-2026-0389,2025-11-27,2025-12-01,Mismo Día,CL-158,Marcela Yépez,Corporativo,Cuenca,Azuay,Sierra,Suministros,Archivadores,Caja archivo x10,6,0.1,157.68,23.78,157.68
1032,AM-2026-0114,2026-03-02,2026-03-05,Mismo Día,CL-105,Pedro Guamán,PYME,Quito,Pichincha,Sierra,Mobiliario,Mesas,Escritorio en L Maderkit,4,0.0,194.16,17.82,194.16
1033,AM-2026-0151,2026-08-29,2026-09-02,Segunda Clase,CL-114,Gabriela Ponce,PYME,Quito,Pichincha,Sierra,Suministros,Papelería,Carpetas manila x25,5,0.0,166.25,38.88,258.3
1034,AM-2026-0335,2026-08-20,2026-08-23,Primera Clase,,,Corporativo,Portoviejo,Manabí,Costa,Suministros,Papelería,Carpetas manila x25,-4,0.0,258.8,54.73,690.19
1035,AM-2026-0029,2025-12-06,2025-12-10,Estándar,CL-124,Sofía Arteaga,Consumidor, Quito,Pichincha,Sierra,Suministros,Papelería,Carpetas manila x25,1,,196.07,43.26,1047.34
1036,AM-2026-0311,2025-12-18,2025-12-22,Segunda Clase,CL-157,Esteban Riofrío,Consumidor,Santo Domingo,Santo Domingo de los Tsáchilas,Costa,Tecnología,Accesorios,Mouse Logitech M170,7,,104.58,10.17,287.15
1037,AM-2026-0274,2026-01-18,2026-01-22,Segunda Clase,CL-121,Hernán Cobo,Consumidor,Quito,Pichincha,Sierra,Mobiliario,Sillas,Silla ejecutiva Ofix,5,0.0,645.75,50.21,834.57
1038,AM-2026-0248,2026-07-15,2026-07-21,Mismo Día,SIN-ID,,Consumidor,Loja,Loja,Sierra,Tecnología,Teléfonos,Samsung Galaxy A15,4,0.2,165.34,-3.79,571.7
1039,AM-2026-0296,2025-11-21,2025-11-24,Segunda Clase,CL-171,Milton Cajas,PYME,Ambato,Tungurahua,Sierra,Mobiliario,Mesas,Mesa de reuniones 180cm,3,0.0,89.76,6.95,200.32
1040,AM-2026-0092,2025-11-22,2025-11-26,Segunda Clase,CL-110,Verónica Cruz,Corporativo,Cuenca,Azuay,Sierra,Tecnología,Accesorios,Audífonos JBL Tune,2,0.2,20.35,-1.47,349.91
1041,AM-2026-0428,2026-08-27,2026-09-02,Primera Clase,,,Corporativo,Guayaquil,Guayas,Costa,Suministros,Arte,Marcadores Sharpie x12,4,0.3,93.55,-1.69,410.65
1042,AM-2026-0052,2026-07-01,2026-07-04,Primera Clase,CL-152,Paola Cárdenas,Corporativo,Loja,Loja,Sierra,Tecnología,Accesorios,Teclado Genius KB-100,5,0.0,32.65,7.0,367.37
1043,AM-2026-0281,21/01/2026,22/01/2026,Segunda Clase,CL-132,Priscila Vera,PYME,Guayaquil,Guayas,Costa,Tecnología,Copiadoras,Copiadora Epson EcoTank L3250,7,0.0,147.49,25.77,566.6
1044,AM-2026-0240,2026-01-05,2026-01-08,Estándar,CL-141,José Cedeño,PYME,Quito,Pichincha,Sierra,Suministros,Papelería,Cuaderno universitario Norma,3,0.0,47.91,10.85,378.68
1045,AM-2026-0283,2026-04-09,2026-04-12,Estándar,,,Corporativo,Machala,El Oro,Costa,Mobiliario,Sillas,Silla plegable Rimax,2,0.2,80.06,-9.81,553.35
1046,AM-2026-0321,2026-03-31,2026-04-02,Estándar,CL-126,Nadia Reinoso,PYME,Quito,Pichincha,Sierra,Tecnología,Accesorios,Teclado Genius KB-100,1,0.2,282.82,-5.81,594.23
1047,AM-2026-0174,2026-08-19,2026-08-26,Segunda Clase,CL-114,Gabriela Ponce,PYME,Guayaquil,Guayas,Costa,Mobiliario,Sillas,Silla plegable Rimax,1,,7.3,2.05,425.59
1048,AM-2026-0315,2025-11-23,2025-11-28,Mismo Día,CL-122,Ivonne Macías,Corporativo,Guayaquil,Guayas,Costa,Tecnología,Accesorios,Cargador Anker 20W,1,0.0,33.21,6.57,118.09
1049,AM-2026-0265,2026-02-27,2026-03-02,Estándar,CL-111,Jorge Intriago,PYME,Manta,Manabí,Costa,Tecnología,Copiadoras,Impresora HP Smart Tank 515,6,0.0,106.2,15.54,106.2
1050,AM-2026-0050,2026-06-30,2026-07-06,Primera Clase,CL-140,María Salazar,Corporativo,Quito,Pichincha,Sierra,Tecnología,Accesorios,Cargador Anker 20W,4,0.1,332.53,23.78,332.53
1051,AM-2026-0117,2025-11-04,2025-11-06,Segunda Clase,CL-157,Esteban Riofrío,Consumidor,Manta,Manabí,Costa,Tecnología,Accesorios,Teclado Genius KB-100,3,0.0,40.2,10.47,182.32
1052,AM-2026-0049,2025-11-10,2025-11-13,Mismo Día,CL-164,Sofía Arteaga,Corporativo,Guayaquil,Guayas,Costa,Mobiliario,Libreros,Estante metálico Beta,7,0.0,174.93,11.82,523.4
1053,AM-2026-0204,2026-07-08,2026-07-09,Mismo Día,CL-169,Fabián Ortiz,Consumidor,Quito,Pichincha,Sierra,Tecnología,Teléfonos,Xiaomi Redmi 13,7,0.1,84.11,-9999.0,206.91
1054,AM-2026-0070,2026-05-29,2026-06-04,Primera Clase,CL-178,Belén Cornejo,Consumidor,QUITO,Pichincha,Sierra,Suministros,Arte,Cinta adhesiva Scotch x6,1,0.0,23.12,5.41,226.83
1055,AM-2026-0303,2026-03-11,2026-03-12,Segunda Clase,CL-139,Héctor Anchundia,Consumidor,Machala,El Oro,Costa,Suministros,Arte,Marcadores Sharpie x12,3,0.0,32.52,5.64,364.79
1056,AM-2026-0197,2026-03-18,2026-03-22,Mismo Día,CL-102,Ana Tituaña,PYME,Machala,El Oro,Costa,Suministros,Papelería,Resma papel A4 75g,1,0.2,8.4,0.58,286.66
1057,AM-2026-0039,2025-09-08,2025-09-13,Estándar,CL-103,Luis Zambrano,Consumidor,Ambato,Tungurahua,Sierra,Mobiliario,Libreros,Estante metálico Beta,7,0.0,250.18,16.89,386.0
1058,AM-2026-0402,2026-07-02,2026-07-05,Primera Clase,CL-166,Nadia Reinoso,Consumidor,Loja,Loja,Sierra,Suministros,Archivadores,Caja archivo x10,2,0.0,97.0,22.05,178.27
1059,AM-2026-0407,2026-03-24,2026-03-30,Primera Clase,CL-142,Ana Tituaña,Consumidor,Manta,Manabí,Costa,Mobiliario,Mesas,Escritorio en L Maderkit,-2,0.1,64.69,1.93,138.07
1060,AM-2026-0239,2026-08-07,2026-08-04,Estándar,CL-170,Karla Bustamante,Corporativo,Quito,Pichincha,Sierra,Suministros,Archivadores,Archivador Leitz A-Z,6,,186.19,5.12,564.62
1061,AM-2026-0293,2026-08-21,2026-08-24,Segunda Clase,CL-162,Ivonne Macías,PYME,Quito,Pichincha,Sierra,Suministros,Archivadores,Caja archivo x10,2,0.0,15.94,3.58,919.32
1062,AM-2026-0256,2025-12-04,2025-12-11,Segunda Clase,CL-129,Fabián Ortiz,PYME,Cuenca,Azuay,Sierra,Mobiliario,Libreros,Estante metálico Beta,3,0.0,82.92,5.74,148.17
1063,AM-2026-0280,2026-08-26,2026-08-30,Mismo Día,CL-115,Ramiro Quishpe,Consumidor,Manta,Manabí,Costa,Tecnología,Copiadoras,Copiadora Epson EcoTank L3250,2,,40.28,-9999.0,210.71
1064,AM-2026-0297,2026-08-24,2026-08-30,Segunda Clase,CL-162,Ivonne Macías,PYME,Loja,Loja,Sierra,Mobiliario,Mesas,Mesa de reuniones 180cm,5,0.1,106.06,-0.47,114.51
1065,AM-2026-0083,2026-08-21,2026-08-28,Primera Clase,CL-126,Nadia Reinoso,PYME,Guayaquil,Guayas,Costa,Suministros,Archivadores,Caja archivo x10,6,0.0,625.68,141.24,625.68
1066,AM-2026-0412,2025-10-19,2025-10-21,Segunda Clase,CL-179,Héctor Anchundia,Corporativo,Quito,Pichincha,Sierra,Mobiliario,Sillas,Silla ejecutiva Ofix,5,0.3,98.24,-22.48,299.27
1067,AM-2026-0049,2025-11-10,2025-11-13,Mismo Día,CL-164,Sofía Arteaga,Corporativo,Guayaquil,Guayas,Costa,Suministros,Arte,Marcadores Sharpie x12,1,0.0,18.99,4.37,523.4
1068,AM-2026-0141,2026-04-17,2026-04-22,Estándar,,,Consumidor,Guayaquil,Guayas,Costa,Suministros,Archivadores,Caja archivo x10,4,0.1,54.61,5.27,147.12
1069,AM-2026-0256,2025-12-04,2025-12-11,Segunda Clase,CL-129,Fabián Ortiz,PYME,Cuenca,Azuay,Sierra,Suministros,Archivadores,Caja archivo x10,1,0.0,17.54,2.79,148.17
1070,AM-2026-0270,2026-02-02,2026-02-08,Mismo Día,CL-124,Sofía Arteaga,Consumidor,Guayaquil,Guayas,Costa,Tecnología,Copiadoras,Copiadora Epson EcoTank L3250,7,,60.48,1.14,764.47
1071,AM-2026-0238,2025-10-16,2025-10-21,Primera Clase,CL-153,Francisco Mera,PYME,Guayaquil,,Costa,Tecnología,Teléfonos,Xiaomi Redmi 13,-7,0.0,433.51,71.06,1685.82
1072,AM-2026-0413,2026-08-28,2026-09-01,Primera Clase,CL-140,María Salazar,Corporativo,Guayaquil,Guayas,Costa,Mobiliario,Libreros,Estante metálico Beta,5,0.0,28.3,-1.38,174.41
1073,AM-2026-0349,2025-09-20,2025-09-27,Estándar,CL-150,Verónica Cruz,PYME,Guayaquil,Guayas,Costa,Mobiliario,Libreros,Librero 5 repisas,5,0.1,240.57,-1.89,913.33
1074,AM-2026-0105,2026-06-16,2026-06-21,Mismo Día,,,Consumidor,Guayaquil,Guayas,Costa,Suministros,Arte,Marcadores Sharpie x12,5,0.2,82.4,3.48,2209.04
1075,AM-2026-0095,2025-09-03,2025-09-05,Segunda Clase,CL-173,Wilson Chila,Corporativo,Ambato,Tungurahua,Sierra,Mobiliario,Libreros,Estante metálico Beta,1,0.0,40.34,2.49,1190.6
1076,AM-2026-0188,2026-05-13,2026-05-20,Primera Clase,CL-175,Rodrigo Pinos,Consumidor,Quito,Pichincha,Sierra,Suministros,Papelería,Resma papel A4 75g,2,0.3,19.78,1.44,535.74
1077,AM-2026-0078,2026-05-26,2026-06-01,Mismo Día,,,PYME,Santo Domingo,Santo Domingo de los Tsáchilas,Costa,Suministros,Archivadores,Caja archivo x10,4,0.2,22.72,-0.03,98.82
1078,AM-2026-0298,2026-07-07,2026-07-14,Mismo Día,CL-151,Jorge Intriago,Consumidor,Ambato,Tungurahua,Sierra,Tecnología,Copiadoras,Impresora HP Smart Tank 515,7,,357.77,56.91,357.77
1079,AM-2026-0304,2026-06-20,2026-06-21,Segunda Clase,CL-131,Milton Cajas,Corporativo,Guayaquil,Guayas,Costa,Tecnología,Accesorios,Audífonos JBL Tune,4,0.2,28.8,-1.88,932.02
1080,AM-2026-0225,2025-11-12,2025-11-17,Mismo Día,CL-109,Andrés Molina,Consumidor,Ambato,Tungurahua,Sierra,Mobiliario,Libreros,Librero 5 repisas,2,0.0,65.02,4.82,97.68
1081,AM-2026-0268,2025-10-09,2025-10-13,Estándar,CL-116,Daniela Loor,Corporativo,Cuenca,Azuay,Sierra,Tecnología,Copiadoras,Copiadora Epson EcoTank L3250,3,0.1,83.03,-0.0,188.94
1082,AM-2026-0118,2026-03-19,2026-03-20,Estándar,CL-114,Gabriela Ponce,PYME,Guayaquil,Guayas,Costa,Mobiliario,Mesas,Escritorio en L Maderkit,2,0.2,7.98,-0.71,83.44
1083,AM-2026-0189,2025-12-28,2026-01-02,Segunda Clase,CL-173,Wilson Chila,Corporativo,Loja,Loja,Sierra,Mobiliario,Libreros,Estante metálico Beta,2,0.1,87.44,-1.05,482.8
1084,AM-2026-0320,2026-07-08,2026-07-15,Segunda Clase,,,Corporativo,Machala,El Oro,Costa,Mobiliario,Sillas,Silla ejecutiva Ofix,2,0.3,59.36,-12.46,59.36
1085,AM-2026-0103,2026-07-20,2026-07-26,Estándar,CL-165,Patricio Alarcón,PYME,Manta,Manabí,Costa,Mobiliario,Libreros,Estante metálico Beta,7,0.1,64.83,-1.37,344.64
1086,AM-2026-0232,2026-06-22,2026-06-25,Segunda Clase,CL-136,Cynthia Baque,Consumidor,Machala,El Oro,Costa,Tecnología,Accesorios,Teclado Genius KB-100,2,0.0,19.82,1.5,310.89
1087,AM-2026-0028,2026-05-19,2026-05-20,Primera Clase,CL-173,Wilson Chila,Corporativo,Machala,El Oro,Costa,Tecnología,Teléfonos,Samsung Galaxy A15,7,0.0,31.01,4.08,195.01
1088,AM-2026-0203,2026-02-22,2026-03-01,Estándar,CL-177,Iván Sarango,PYME,Cuenca,Azuay,Sierra,Mobiliario,Libreros,Estante metálico Beta,1,0.2,10.53,-0.98,248.58
1089,AM-2026-0039,2025-09-08,2025-09-13,Estándar,CL-103,Luis Zambrano,Consumidor,Ambato,Tungurahua,Sierra,Mobiliario,Libreros,Estante metálico Beta,2,0.0,26.38,1.26,386.0
1090,AM-2026-0216,2026-06-25,2026-07-02,Estándar,CL-157,Esteban Riofrío,Consumidor,Quito,Pichincha,Sierra,Tecnología,Copiadoras,Impresora HP Smart Tank 515,4,,59.15,5.05,422.51
1091,AM-2026-0429,2026-07-25,2026-07-26,Estándar,CL-127,Gustavo Palma,Consumidor,Cuenca,Azuay,Sierra,Suministros,Arte,Marcadores Sharpie x12,5,,210.8,45.7,368.19
1092,AM-2026-0343,2026-05-09,2026-05-16,Primera Clase,,,Consumidor,Guayaquil,Guayas,Costa,Mobiliario,Sillas,Silla plegable Rimax,6,0.0,117.6,9.64,903.18
1093,AM-2026-0155,2026-06-25,2026-06-28,Estándar,CL-107,Diego Paredes,Corporativo,Quito,Pichincha,Sierra,Tecnología,Teléfonos,Teléfono Nokia C32,1,0.1,19.92,2.85,198.21
1094,AM-2026-0337,2026-06-29,2026-07-06,Segunda Clase,CL-139,Héctor Anchundia,Consumidor,Guayaquil,Guayas,Costa,Tecnología,Teléfonos,Xiaomi Redmi 13,4,0.0,240.64,35.79,889.0
1095,AM-2026-0033,2026-02-28,2026-03-04,Segunda Clase,CL-161,Hernán Cobo,Corporativo, Quito,Pichincha,Sierra,Suministros,Archivadores,Caja archivo x10,2,0.1,75.42,15.23,918.1
1096,AM-2026-0381,2026-03-17,2026-03-22,Mismo Día,CL-161,Hernán Cobo,Corporativo,Machala,El Oro,Costa,Suministros,Papelería,Carpetas manila x25,5,0.0,136.75,29.4,806.45
1097,AM-2026-0302,2025-12-17,2025-12-20,Estándar,CL-176,Cynthia Baque,Corporativo,Puerto Ayora,Galápagos,Galápagos,Tecnología,Teléfonos,Xiaomi Redmi 13,3,0.0,36.51,5.87,56.09
1098,AM-2026-0039,2025-09-08,2025-09-13,Estándar,CL-103,Luis Zambrano,Consumidor,Ambato,Tungurahua,Sierra,Suministros,Archivadores,Caja archivo x10,4,0.2,42.59,-2.04,386.0
1099,AM-2026-0086,2026-03-28,2026-04-01,Segunda Clase,CL-102,Ana Tituaña,PYME,Quito,Pichincha,Sierra,Tecnología,Accesorios,Cargador Anker 20W,7,0.3,773.22,-84.95,1146.9
1100,AM-2026-0367,2026-08-15,2026-08-17,Estándar,CL-128,Elena Carrión,Corporativo,Quito,Pichincha,Sierra,Suministros,Archivadores,Caja archivo x10,2,0.0,33.68,9.45,346.2
1101,AM-2026-0312,2026-06-26,2026-06-27,Estándar,CL-163,Byron Toapanta,Consumidor,Ambato,Tungurahua,Sierra,Tecnología,Accesorios,Mouse Logitech M170,7,0.0,"$169,54",26.21,483.37
1102,AM-2026-0311,2025-12-18,2025-12-22,Segunda Clase,CL-157,Esteban Riofrío,Consumidor,Santo Domingo,Santo Domingo de los Tsáchilas,Costa,Tecnología,Accesorios,Mouse Logitech M170,4,0.3,43.23,-4.39,287.15
1103,AM-2026-0002,2026-02-01,2026-02-05,Mismo Día,CL-169,Fabián Ortiz,Consumidor,Guayaquil,Guayas,Costa,Mobiliario,Sillas,Silla plegable Rimax,1,0.2,18.69,-5.57,378.68
1104,AM-2026-0396,01/10/2025,06/10/2025,Segunda Clase,CL-134,Marta Aguirre,Corporativo,Tena,Napo,Amazonía,Suministros,Papelería,Carpetas manila x25,1,,58.42,12.53,1179.23
1105,AM-2026-0319,2026-05-26,2026-05-27,Estándar,CL-121,Hernán Cobo,Consumidor,Puerto Ayora,Galápagos,Galápagos,Mobiliario,Libreros,Librero 5 repisas,5,0.0,81.7,5.32,223.44
1106,AM-2026-0006,2026-01-10,2026-01-16,Mismo Día,CL-130,Karla Bustamante,Consumidor,Guayaquil,Guayas,Costa,Mobiliario,Libreros,Librero 5 repisas,6,0.0,83.76,10.23,617.75
1107,AM-2026-0045,2025-12-21,2025-12-25,Estándar,CL-154,Gabriela Ponce,Consumidor,Guayaquil,Guayas,Costa,Suministros,Archivadores,Archivador Leitz A-Z,6,0.0,314.52,68.7,745.17
1108,AM-2026-0221,08/05/2026,12/05/2026,Mismo Día,CL-106,Lucía Espinoza,Consumidor,Guayaquil,Guayas,Costa,Mobiliario,Mesas,Mesa de reuniones 180cm,3,0.1,49.25,-1.11,86.81
1109,AM-2026-0364,2025-09-26,2025-09-28,Segunda Clase,CL-161,Hernán Cobo,Corporativo,Quito,Pichincha,Sierra,Suministros,Papelería,Resma papel A4 75g,5,0.1,207.72,28.59,581.06
1110,AM-2026-0097,2026-03-30,2026-03-31,Mismo Día,CL-130,Karla Bustamante,Consumidor,Quito,Pichincha,Sierra,Suministros,Arte,Marcadores Sharpie x12,7,0.0,109.69,20.99,1069.38
1111,AM-2026-0153,2025-09-16,2025-09-23,Estándar,CL-151,Jorge Intriago,Consumidor,Cuenca,Azuay,Sierra,Suministros,Arte,Marcadores Sharpie x12,5,0.0,213.65,47.14,426.96
1112,AM-2026-0267,2026-05-04,2026-05-10,Estándar,CL-126,Nadia Reinoso,PYME,Quito,Pichincha,Sierra,Suministros,Arte,Marcadores Sharpie x12,-7,,171.99,38.62,349.9
1113,AM-2026-0408,2026-06-17,2026-06-21,Mismo Día,CL-115,Ramiro Quishpe,Consumidor,Guayaquil,Guayas,Costa,Tecnología,Accesorios,Mouse Logitech M170,5,0.0,172.6,29.23,172.6
1114,AM-2026-0413,2026-08-28,2026-09-01,Primera Clase,CL-140,María Salazar,Corporativo,Guayaquil,Guayas,Costa,Mobiliario,Mesas,Mesa de reuniones 180cm,4,,28.72,1.23,174.41
1115,AM-2026-0067,2025-11-14,2025-11-17,Estándar,CL-135,Rodrigo Pinos,PYME,Quito,Pichincha,Sierra,Tecnología,Copiadoras,Copiadora Epson EcoTank L3250,7,,341.81,54.31,899.76
1116,AM-2026-0067,2025-11-14,2025-11-17,Estándar,CL-135,Rodrigo Pinos,PYME,Quito,Pichincha,Sierra,Tecnología,Copiadoras,Impresora HP Smart Tank 515,6,,428.4,-49.05,899.76
1117,AM-2026-0141,17/04/2026,22/04/2026,Estándar,CL-172,Priscila Vera,Consumidor,Guayaquil,Guayas,Costa,Mobiliario,Sillas,Silla ejecutiva Ofix,2,0.3,92.51,-20.85,147.12
1118,AM-2026-0285,2026-06-20,2026-06-27,Estándar,CL-156,Daniela Loor,PYME,Guayaquil,Guayas,Costa,Tecnología,Teléfonos,Samsung Galaxy A15,5,0.1,294.21,20.95,490.11
1119,AM-2026-0181,2026-03-05,2026-03-09,Segunda Clase,CL-105,Pedro Guamán,PYME,Guayaquil,Guayas,Costa,Suministros,Archivadores,Archivador Leitz A-Z,2,0.0,34.1,4.66,367.21
1120,AM-2026-0333,2025-10-16,2025-10-22,Mismo Día,CL-163,Byron Toapanta,Consumidor,Guayaquil,Guayas,Costa,Tecnología,Copiadoras,Copiadora Epson EcoTank L3250,5,0.1,196.16,14.18,530.39
1121,AM-2026-0131,2026-08-06,2026-08-13,Segunda Clase,CL-149,Andrés Molina,Corporativo,Quito,Pichincha,Sierra,Suministros,Archivadores,Archivador Leitz A-Z,7,,"$550,69",120.39,642.12
1122,AM-2026-0150,2026-01-02,2026-01-08,Primera Clase,CL-105,Pedro Guamán,PYME,Quito,Pichincha,Sierra,Mobiliario,Libreros,Librero 5 repisas,1,,38.46,-6.92,479.67
1123,AM-2026-0029,2025-12-06,2025-12-10,Estándar,CL-124,Sofía Arteaga,Consumidor,Quito,Pichincha,Sierra,Mobiliario,Sillas,Silla ejecutiva Ofix,7,0.0,137.97,14.04,1047.34
1124,AM-2026-0335,2026-08-20,2026-08-23,Primera Clase,CL-155,Ramiro Quishpe,Corporativo,Portoviejo,Manabí,Costa,Mobiliario,Libreros,Librero 5 repisas,2,0.0,60.82,4.2,690.19
1125,AM-2026-0042,2026-08-18,2026-08-21,Estándar,CL-142,Ana Tituaña,PYME,Puerto Ayora,Galápagos,Galápagos,Suministros,Papelería,Cuaderno universitario Norma,3,0.0,52.3,11.51,187.4
1126,AM-2026-0204,2026-07-08,2026-07-09,Mismo Día,CL-169,Fabián Ortiz,Consumidor,Quito,Pichincha,Sierra,Suministros,Papelería,Cuaderno universitario Norma,1,0.0,122.8,28.51,206.91
1127,AM-2026-0386,2026-05-02,2026-05-05,Primera Clase,CL-127,Gustavo Palma,Consumidor,Cuenca,Azuay,Sierra,Mobiliario,Libreros,Librero 5 repisas,2,0.2,42.88,-3.46,58.28
1128,AM-2026-0052,2026-07-01,2026-07-04,Primera Clase,CL-152,Paola Cárdenas,Corporativo,Loja,Loja,Sierra,Suministros,Arte,Cinta adhesiva Scotch x6,3,0.0,80.01,15.83,367.37
1129,AM-2026-0397,2025-11-29,2025-12-06,Estándar,CL-175,Rodrigo Pinos,Consumidor,Guayaquil,Guayas,Costa,Tecnología,Copiadoras,Copiadora Epson EcoTank L3250,1,,13.08,-0.66,248.99
1130,AM-2026-0348,2025-09-02,2025-09-05,Estándar,CL-127,Gustavo Palma,Consumidor,Cuenca,Azuay,Sierra,Mobiliario,Sillas,Silla plegable Rimax,1,0.0,43.07,0.42,215.64
1131,AM-2026-0358,2026-08-18,2026-08-24,Mismo Día,CL-111,Jorge Intriago,PYME,Santo Domingo,Santo Domingo de los Tsáchilas,Costa,Mobiliario,Libreros,Librero 5 repisas,4,0.3,26.99,-4.04,301.84
1132,AM-2026-0360,2026-04-12,2026-04-18,Mismo Día,CL-104,Carmen Vélez,Corporativo,Tena,Napo,Amazonía,Suministros,Archivadores,Archivador Leitz A-Z,4,0.1,236.02,29.82,1007.18
1133,AM-2026-0368,2025-12-12,2025-12-19,Estándar,CL-140,María Salazar,Corporativo,Loja,Loja,Sierra,Suministros,Papelería,Resma papel A4 75g,5,0.0,31.3,8.24,792.48
1134,AM-2026-0382,2025-10-13,2025-10-18,Estándar,CL-172,Priscila Vera,Consumidor,Guayaquil,Guayas,Costa,Suministros,Papelería,Carpetas manila x25,4,0.2,119.87,8.01,272.82
1135,AM-2026-0317,2026-06-23,2026-06-28,Mismo Día,CL-141,José Cedeño,PYME,Manta,Manabí,Costa,Suministros,Papelería,Carpetas manila x25,6,0.3,17.01,0.62,97.66
1136,AM-2026-0191,2026-03-29,2026-04-02,Estándar,CL-126,Nadia Reinoso,PYME,Manta,Manabí,Costa,Suministros,Arte,Marcadores Sharpie x12,6,0.1,162.65,21.05,934.02
1137,AM-2026-0278,2026-01-13,2026-01-14,Primera Clase,CL-170,Karla Bustamante,Corporativo,Guayaquil,Guayas,Costa,Suministros,Archivadores,Caja archivo x10,6,0.2,70.9,1.08,138.1
1138,AM-2026-0231,2025-11-05,2025-11-08,Segunda Clase,CL-116,Daniela Loor,Corporativo,Guayaquil,Guayas,Costa,Tecnología,Accesorios,Mouse Logitech M170,5,,98.55,15.51,451.75
1139,AM-2026-0425,2026-06-26,2026-07-01,Mismo Día,CL-129,Fabián Ortiz,PYME,Guayaquil,Guayas,Costa,Mobiliario,Sillas,Silla ejecutiva Ofix,7,0.0,58.38,1.88,450.34
1140,AM-2026-0407,2026-03-24,2026-03-30,Primera Clase,CL-142,Ana Tituaña,Consumidor,Manta,Manabí,Costa,Suministros,Archivadores,Archivador Leitz A-Z,3,0.0,41.52,9.52,138.07
1141,AM-2026-0154,2025-12-06,2025-12-11,Primera Clase,CL-170,Karla Bustamante,Corporativo,Quito,Pichincha,Sierra,Mobiliario,Mesas,Escritorio en L Maderkit,6,0.0,151.92,12.89,446.37
1142,AM-2026-0172,2026-06-29,2026-07-02,Mismo Día,CL-122,Ivonne Macías,Corporativo,QUITO,Pichincha,Sierra,Tecnología,Accesorios,Mouse Logitech M170,7,0.0,"$625,17",99.08,625.17
1143,AM-2026-0079,2025-10-04,2025-10-07,Mismo Día,CL-147,Diego Paredes,PYME,Cuenca,Azuay,Sierra,Suministros,Archivadores,Caja archivo x10,2,,125.54,25.91,291.41
1144,AM-2026-0401,2026-03-03,2026-03-08,Primera Clase,CL-142,Ana Tituaña,Consumidor,Ambato,Tungurahua,Sierra,Mobiliario,Libreros,Librero 5 repisas,1,0.1,40.41,0.11,368.09
1145,AM-2026-0026,2026-06-18,2026-06-25,Primera Clase,CL-149,Andrés Molina,Corporativo,Quito,Pichincha,Sierra,Mobiliario,Libreros,Estante metálico Beta,3,,49.18,-3.59,1203.02
1146,AM-2026-0266,2026-01-02,2026-01-04,Estándar,CL-156,Daniela Loor,PYME,Quito,Pichincha,Sierra,Tecnología,Copiadoras,Copiadora Epson EcoTank L3250,3,0.1,49.19,5.04,541.08
1147,AM-2026-0004,20/09/2025,22/09/2025,Primera Clase,CL-128,Elena Carrión,Corporativo,Guayaquil,Guayas,Costa,Mobiliario,Libreros,Librero 5 repisas,4,0.1,166.36,-0.82,417.91
1148,AM-2026-0056,2026-03-15,2026-03-21,Estándar,CL-103,Luis Zambrano,Consumidor,Loja,Loja,Sierra,Suministros,Arte,Cinta adhesiva Scotch x6,4,0.2,108.1,-1.77,240.92
1149,AM-2026-0304,2026-06-20,2026-06-21,Segunda Clase,CL-131,Milton Cajas,Corporativo,Guayaquil,Guayas,Costa,Mobiliario,Sillas,Silla plegable Rimax,5,0.2,58.32,-5.01,932.02
1150,AM-2026-0214,2026-04-29,2026-05-04,Segunda Clase,CL-102,Ana Tituaña,PYME,Quito,Pichincha,Sierra,Suministros,Archivadores,Archivador Leitz A-Z,5,0.1,21.6,0.78,859.18
1151,AM-2026-0064,2025-09-25,2025-09-30,Primera Clase,CL-179,Héctor Anchundia,Corporativo,Guayaquil,Guayas,Costa,Mobiliario,Libreros,Librero 5 repisas,3,0.0,183.06,15.04,884.01
1152,AM-2026-0329,2026-03-19,2026-03-23,Primera Clase,CL-116,Daniela Loor,Corporativo,Quito,Pichincha,Sierra,Mobiliario,Sillas,Silla plegable Rimax,3,,76.77,5.64,570.01
1153,AM-2026-0155,2026-06-25,2026-06-28,Estándar,CL-107,Diego Paredes,Corporativo,Quito,Pichincha,Sierra,Suministros,Arte,Marcadores Sharpie x12,4,0.1,153.18,20.28,198.21
1154,AM-2026-0181,2026-03-05,2026-03-09,Segunda Clase,CL-105,Pedro Guamán,PYME,Guayaquil,,Costa,Suministros,Archivadores,Archivador Leitz A-Z,3,,41.82,10.44,367.21
1155,AM-2026-0371,2026-01-16,2026-01-18,Segunda Clase,CL-159,Óscar Bravo,PYME,Cuenca,Azuay,Sierra,Tecnología,Teléfonos,Xiaomi Redmi 13,5,0.2,195.8,-3.86,476.34
1156,AM-2026-0333,2025-10-16,2025-10-22,Mismo Día,CL-163,Byron Toapanta,Consumidor,Guayaquil,Guayas,Costa,Tecnología,Accesorios,Mouse Logitech M170,3,0.0,95.97,16.2,530.39
1157,AM-2026-0055,2026-05-16,2026-05-19,Mismo Día,CL-174,Marta Aguirre,PYME,Guayaquil,Guayas,Costa,Suministros,Papelería,Cuaderno universitario Norma,5,0.0,26.1,7.61,26.1
1158,AM-2026-0249,2026-07-20,2026-07-24,Segunda Clase,CL-122,Ivonne Macías,Corporativo,Quito,Pichincha,Sierra,Tecnología,Copiadoras,Copiadora Epson EcoTank L3250,6,0.1,"$280,75",16.49,552.77
1159,AM-2026-0181,2026-03-05,2026-03-09,Segunda Clase,,,PYME,Guayaquil,Guayas,Costa,Tecnología,Copiadoras,Copiadora Epson EcoTank L3250,4,0.0,176.52,26.87,367.21
1160,AM-2026-0270,2026-02-02,2026-02-08,Mismo Día,CL-124,Sofía Arteaga,Consumidor,Guayaquil,Guayas,Costa,Mobiliario,Libreros,Estante metálico Beta,6,0.0,228.42,22.21,764.47
1161,AM-2026-0150,2026-01-02,2026-01-08,Primera Clase,SIN-ID,,PYME,Quito,Pichincha,Sierra,Mobiliario,Libreros,Estante metálico Beta,3,0.0,114.15,7.17,479.67
1162,AM-2026-0205,2026-01-17,2026-01-20,Segunda Clase,,,Consumidor,Quito,Pichincha,Sierra,Suministros,Papelería,Carpetas manila x25,2,0.1,20.57,2.22,971.12
1163,AM-2026-0340,2025-12-30,2025-12-31,Mismo Día,CL-123,Byron Toapanta,PYME,Quito,Pichincha,Sierra,Tecnología,Teléfonos,Samsung Galaxy A15,1,,243.31,36.74,659.81
1164,AM-2026-0059,2025-12-12,2025-12-15,Mismo Día,CL-145,Pedro Guamán,Consumidor,Portoviejo,Manabí,Costa,Suministros,Arte,Cinta adhesiva Scotch x6,3,0.3,29.53,-3.2,926.68
1165,AM-2026-0187,2025-11-25,2025-12-01,Segunda Clase,,,Consumidor,Machala,El Oro,Costa,Suministros,Arte,Marcadores Sharpie x12,3,0.0,36.0,6.66,2139.42
1166,AM-2026-0162,2026-01-05,2026-01-02,Estándar,CL-128,Elena Carrión,Corporativo,Manta,Manabí,Costa,Tecnología,Teléfonos,Teléfono Nokia C32,4,0.1,27.76,2.64,701.74
1167,AM-2026-0195,2026-03-18,2026-03-23,Estándar,CL-160,Tatiana Mendoza,Consumidor,Ambato,Tungurahua,Sierra,Mobiliario,Mesas,Mesa de reuniones 180cm,1,,21.17,0.87,667.74
1168,AM-2026-0092,2025-11-22,2025-11-26,Segunda Clase,CL-110,Verónica Cruz,Corporativo,Cuenca,Azuay,Sierra,Tecnología,Teléfonos,Teléfono Nokia C32,1,0.1,19.95,5.81,349.91
1169,AM-2026-0324,2026-07-27,2026-07-29,Mismo Día,CL-163,Byron Toapanta,Consumidor,Loja,Loja,Sierra,Suministros,Archivadores,Archivador Leitz A-Z,5,0.2,99.8,4.88,416.46
1170,AM-2026-0334,2026-03-10,2026-03-16,Mismo Día,CL-120,Tatiana Mendoza,PYME,Ambato,Tungurahua,Sierra,Suministros,Arte,Marcadores Sharpie x12,4,0.0,316.88,69.64,941.74
1171,AM-2026-0191,2026-03-29,2026-04-02,Estándar,CL-126,Nadia Reinoso,PYME,Manta,Manabí,Costa,Suministros,Archivadores,Archivador Leitz A-Z,3,0.0,"$567,69",122.97,934.02
1172,AM-2026-0075,2025-12-30,2026-01-02,Primera Clase,CL-107,Diego Paredes,Corporativo,Cuenca,Azuay,Sierra,Suministros,Archivadores,Archivador Leitz A-Z,7,,339.92,74.19,666.82
1173,AM-2026-0303,2026-03-11,2026-03-12,Segunda Clase,CL-139,Héctor Anchundia,Consumidor,Machala,El Oro,Costa,Suministros,Archivadores,Caja archivo x10,2,,86.04,20.03,364.79
1174,AM-2026-0001,2025-12-17,2025-12-21,Primera Clase,CL-163,Byron Toapanta,Consumidor,Machala,El Oro,Costa,Mobiliario,Libreros,Librero 5 repisas,2,,36.04,4.57,286.82
1175,AM-2026-0096,2026-07-25,2026-07-28,Estándar,CL-127,Gustavo Palma,Consumidor,Ambato,Tungurahua,Sierra,Tecnología,Teléfonos,Samsung Galaxy A15,1,0.1,10.48,1.97,438.46
1176,AM-2026-0095,2025-09-03,2025-09-05,Segunda Clase,CL-173,Wilson Chila,Corporativo,Ambato,Tungurahua,Sierra,Mobiliario,Libreros,Librero 5 repisas,5,0.1,235.12,-2.52,1190.6
1177,AM-2026-0304,2026-06-20,2026-06-21,Segunda Clase,,,Corporativo,Guayaquil,Guayas,Costa,Mobiliario,Libreros,Estante metálico Beta,3,0.0,330.87,25.25,932.02
1178,AM-2026-0084,2026-07-23,2026-07-29,Primera Clase,CL-161,Hernán Cobo,Corporativo,Machala,El Oro,Costa,Suministros,Arte,Cinta adhesiva Scotch x6,4,0.3,104.33,-6.07,285.83
1179,AM-2026-0356,2025-09-28,2025-10-05,Segunda Clase,CL-118,Marcela Yépez,Consumidor,Guayaquil,Guayas,Costa,Suministros,Archivadores,Caja archivo x10,5,0.3,98.63,-6.9,229.97
1180,AM-2026-0366,2025-09-06,2025-09-08,Segunda Clase,CL-168,Elena Carrión,PYME,Ambato,Tungurahua,Sierra,Tecnología,Copiadoras,Copiadora Epson EcoTank L3250,2,0.0,113.82,19.86,871.44
1181,AM-2026-0430,2026-07-13,2026-07-17,Segunda Clase,CL-154,Gabriela Ponce,Consumidor,Ambato,Tungurahua,Sierra,Mobiliario,Sillas,Silla ejecutiva Ofix,1,0.0,15.04,0.5,102.82
1182,AM-2026-0285,2026-06-20,2026-06-27,Estándar,CL-156,Daniela Loor,PYME,Guayaquil,Guayas,Costa,Tecnología,Accesorios,Cargador Anker 20W,1,0.0,30.87,4.22,490.11
1183,AM-2026-0350,2026-07-07,2026-07-12,Mismo Día,CL-171,Milton Cajas,PYME,Manta,Manabí,Costa,Tecnología,Copiadoras,Impresora HP Smart Tank 515,7,0.0,182.49,32.11,1029.72
1184,AM-2026-0290,2026-04-08,2026-04-09,Mismo Día,CL-130,Karla Bustamante,Consumidor,Cuenca,Azuay,Sierra,Tecnología,Teléfonos,Samsung Galaxy A15,1,0.1,14.39,1.91,52.72
1185,AM-2026-0391,2026-04-08,2026-04-14,Estándar,CL-127,Gustavo Palma,Consumidor,Quito,Pichincha,Sierra,Tecnología,Teléfonos,Samsung Galaxy A15,4,0.0,70.76,12.61,429.53
1186,AM-2026-0137,2025-11-01,2025-11-07,Segunda Clase,,,Corporativo,Guayaquil,Guayas,Costa,Suministros,Papelería,Cuaderno universitario Norma,1,0.2,11.22,-1.46,723.34
1187,AM-2026-0399,2026-01-01,2026-01-06,Primera Clase,,,PYME,Quito,Pichincha,Sierra,Suministros,Papelería,Carpetas manila x25,7,0.0,182.91,38.02,182.91
1188,AM-2026-0015,2026-04-05,2026-04-10,Primera Clase,CL-137,Iván Sarango,Corporativo,Guayaquil,Guayas,Costa,Tecnología,Teléfonos,Xiaomi Redmi 13,6,,50.58,8.39,607.44
1189,AM-2026-0060,2025-12-13,2025-12-17,Mismo Día,CL-117,Esteban Riofrío,PYME,Machala,El Oro,Costa,Suministros,Arte,Cinta adhesiva Scotch x6,7,0.1,50.65,7.0,499.31
1190,AM-2026-0328,2026-05-23,2026-05-24,Primera Clase,CL-106,Lucía Espinoza,Consumidor,Quito,Pichincha,Sierra,Suministros,Papelería,Resma papel A4 75g,2,0.0,34.52,6.91,712.82
1191,AM-2026-0242,2025-12-28,2026-01-01,Estándar,CL-111,Jorge Intriago,PYME,Ambato,Tungurahua,Sierra,Mobiliario,Sillas,Silla plegable Rimax,3,0.2,148.99,-16.29,698.28
1192,AM-2026-0212,2026-01-07,2026-01-14,Estándar,CL-137,Iván Sarango,Corporativo,Loja,Loja,Sierra,Suministros,Arte,Marcadores Sharpie x12,1,0.0,30.23,6.09,315.54
1193,AM-2026-0101,2026-01-03,2026-01-04,Mismo Día,CL-167,Gustavo Palma,Corporativo,Santo Domingo,,Costa,Suministros,Arte,Cinta adhesiva Scotch x6,3,0.2,107.3,3.43,184.86
1194,AM-2026-0348,2025-09-02,2025-09-05,Estándar,CL-127,Gustavo Palma,Consumidor,Cuenca,Azuay,Sierra,Mobiliario,Sillas,Silla plegable Rimax,7,0.0,120.54,8.39,215.64
1195,AM-2026-0427,2025-11-04,2025-11-05,Estándar,CL-171,Milton Cajas,PYME,Puerto Ayora,Galápagos,Galápagos,Suministros,Papelería,Cuaderno universitario Norma,6,0.0,236.7,52.23,458.05
1196,AM-2026-0194,2025-09-22,2025-09-24,Estándar,CL-121,Hernán Cobo,Consumidor,Quito,Pichincha,Sierra,Suministros,Arte,Cinta adhesiva Scotch x6,6,0.1,168.8,25.85,351.29
1197,AM-2026-0280,2026-08-26,2026-08-30,Mismo Día,CL-115,Ramiro Quishpe,Consumidor,Manta,Manabí,Costa,Tecnología,Teléfonos,Teléfono Nokia C32,6,0.0,62.04,9.34,210.71
1198,AM-2026-0303,2026-03-11,2026-03-12,Segunda Clase,CL-139,Héctor Anchundia,Consumidor,Machala,El Oro,Costa,Tecnología,Teléfonos,Xiaomi Redmi 13,4,0.0,98.28,16.81,364.79
1199,AM-2026-0396,2025-10-01,2025-10-06,Segunda Clase,CL-134,Marta Aguirre,Corporativo,Tena,Napo,Amazonía,Mobiliario,Libreros,Estante metálico Beta,7,0.0,541.8,41.73,1179.23
1200,AM-2026-0309,2026-03-03,2026-03-10,Estándar,CL-118,Marcela Yépez,Consumidor,QUITO,Pichincha,Sierra,Mobiliario,Mesas,Mesa de reuniones 180cm,2,,43.42,-2.53,568.74
1201,AM-2026-0360,2026-04-12,2026-04-18,Mismo Día,CL-104,Carmen Vélez,Corporativo,Tena,Napo,Amazonía,Suministros,Arte,Marcadores Sharpie x12,7,0.0,355.32,80.29,1007.18
1202,AM-2026-0089,2026-01-15,2026-01-19,Estándar,CL-151,Jorge Intriago,Consumidor,Portoviejo,Manabí,Costa,Mobiliario,Libreros,Librero 5 repisas,2,0.0,225.96,19.84,307.97
1203,AM-2026-0166,2026-03-30,2026-04-03,Mismo Día,CL-176,Cynthia Baque,Corporativo,Guayaquil,Guayas,Costa,Mobiliario,Mesas,Mesa de reuniones 180cm,2,0.1,30.37,0.7,594.87
1204,AM-2026-0031,2026-08-06,2026-08-09,Segunda Clase,,,PYME,Loja,Loja,Sierra,Mobiliario,Sillas,Silla plegable Rimax,4,0.0,19.2,-1.39,467.27
1205,AM-2026-0165,2026-08-30,2026-09-06,Segunda Clase,CL-159,Óscar Bravo,PYME,Tena,Napo,Amazonía,Mobiliario,Mesas,Mesa de reuniones 180cm,3,0.2,15.74,-1.86,380.9
1206,AM-2026-0082,2025-10-08,2025-10-11,Mismo Día,CL-110,Verónica Cruz,Corporativo,Ambato,Tungurahua,Sierra,Mobiliario,Libreros,Estante metálico Beta,5,0.0,231.2,18.33,485.6
1207,AM-2026-0256,2025-12-04,2025-12-11,Segunda Clase,CL-129,Fabián Ortiz,PYME,Cuenca,Azuay,Sierra,Suministros,Archivadores,Caja archivo x10,6,0.3,31.46,1.83,148.17
1208,AM-2026-0115,2025-12-15,2025-12-17,Primera Clase,CL-126,Nadia Reinoso,PYME,Guayaquil,Guayas,Costa,Suministros,Papelería,Cuaderno universitario Norma,7,0.2,521.08,23.0,888.64
1209,AM-2026-0085,2026-04-25,2026-05-02,Segunda Clase,CL-148,Rosa Chiriboga,Consumidor,Ambato,Tungurahua,Sierra,Tecnología,Teléfonos,Teléfono Nokia C32,4,0.0,150.36,24.27,377.77
1210,AM-2026-0198,2025-09-20,2025-09-21,Estándar,CL-154,Gabriela Ponce,Consumidor,Guayaquil,Guayas,Costa,Suministros,Arte,Cinta adhesiva Scotch x6,4,0.0,177.32,40.99,2616.36
1211,AM-2026-0166,2026-03-30,2026-04-03,Mismo Día,CL-176,Cynthia Baque,Corporativo,Guayaquil,Guayas,Costa,Mobiliario,Mesas,Mesa de reuniones 180cm,4,0.0,47.64,3.45,594.87
1212,AM-2026-0201,2026-01-03,2026-01-04,Estándar,CL-146,Lucía Espinoza,Corporativo,Guayaquil,Guayas,Costa,Mobiliario,Libreros,Estante metálico Beta,7,0.1,86.88,0.22,926.59
1213,AM-2026-0146,2025-12-21,2025-12-26,Mismo Día,CL-142,Ana Tituaña,Consumidor,Guayaquil,Guayas,Costa,Suministros,Arte,Marcadores Sharpie x12,7,0.0,283.36,67.85,441.66
1214,AM-2026-0067,2025-11-14,2025-11-17,Estándar,CL-135,Rodrigo Pinos,PYME,QUITO,Pichincha,Sierra,Tecnología,Copiadoras,Copiadora Epson EcoTank L3250,7,0.1,95.0,6.29,899.76
1215,AM-2026-0327,2025-12-27,2026-01-01,Primera Clase,CL-110,Verónica Cruz,Corporativo,Guayaquil,Guayas,Costa,Suministros,Archivadores,Caja archivo x10,3,0.0,32.82,6.66,706.52
1216,AM-2026-0332,2026-05-07,2026-05-14,Primera Clase,CL-169,Fabián Ortiz,Consumidor,Guayaquil,Guayas,Costa,Tecnología,Accesorios,Audífonos JBL Tune,3,0.0,"$53,85",10.27,582.99
1217,AM-2026-0018,2026-02-06,2026-02-08,Mismo Día,CL-175,Rodrigo Pinos,Consumidor,Quito,Pichincha,Sierra,Suministros,Arte,Marcadores Sharpie x12,2,,55.18,10.77,113.41
1218,AM-2026-0423,2026-01-11,2026-01-13,Estándar,CL-169,Fabián Ortiz,Consumidor,Sto. Domingo,Santo Domingo de los Tsáchilas,Costa,Tecnología,Accesorios,Audífonos JBL Tune,7,,428.36,-46.25,662.35
1219,AM-2026-0339,2025-09-23,2025-09-30,Primera Clase,CL-113,Francisco Mera,Corporativo,Cuenca,Azuay,Sierra,Suministros,Archivadores,Archivador Leitz A-Z,5,0.3,85.64,-4.58,133.45
1220,AM-2026-0183,2026-05-28,2026-05-31,Estándar,CL-109,Andrés Molina,Consumidor,Machala,El Oro,Costa,Suministros,Arte,Marcadores Sharpie x12,4,,150.88,33.55,326.16
1221,AM-2026-0169,2025-11-01,2025-11-05,Mismo Día,CL-108,Rosa Chiriboga,PYME,Guayaquil,Guayas,Costa,Tecnología,Copiadoras,Impresora HP Smart Tank 515,1,0.3,3.26,-9999.0,3.26
1222,AM-2026-0174,2026-08-19,2026-08-26,Segunda Clase,,,PYME,Guayaquil,Guayas,Costa,Suministros,Papelería,Resma papel A4 75g,4,0.0,326.0,74.3,425.59
1223,AM-2026-0040,2026-03-01,2026-03-06,Segunda Clase,CL-155,Ramiro Quishpe,Corporativo,Cuenca,Azuay,Sierra,Suministros,Papelería,Resma papel A4 75g,7,0.1,93.56,12.89,334.61
1224,AM-2026-0157,2026-05-17,2026-05-23,Estándar,CL-152,Paola Cárdenas,Corporativo,Manta,Manabí,Costa,Suministros,Archivadores,Archivador Leitz A-Z,6,0.1,46.22,7.0,46.22
1225,AM-2026-0216,2026-06-25,2026-07-02,Estándar,CL-157,Esteban Riofrío,Consumidor,Quito,Pichincha,Sierra,Tecnología,Copiadoras,Impresora HP Smart Tank 515,2,0.0,115.96,19.34,422.51
1226,AM-2026-0342,2026-08-19,2026-08-21,Segunda Clase,CL-171,Milton Cajas,PYME,Guayaquil,Guayas,Costa,Suministros,Arte,Marcadores Sharpie x12,7,0.3,165.72,-8.04,165.72
1227,AM-2026-0242,2025-12-28,2026-01-01,Estándar,CL-111,Jorge Intriago,PYME,Ambato,Tungurahua,Sierra,Mobiliario,Libreros,Estante metálico Beta,6,0.0,263.76,15.02,698.28
1228,AM-2026-0069,2026-04-15,2026-04-17,Mismo Día,CL-171,Milton Cajas,PYME,Cuenca,Azuay,Sierra,Suministros,Papelería,Cuaderno universitario Norma,5,0.1,68.72,11.29,757.49
1229,AM-2026-0100,2026-05-14,2026-05-17,Primera Clase,CL-138,Belén Cornejo,PYME,Manta,Manabí,Costa,Mobiliario,Sillas,Silla plegable Rimax,1,,65.18,5.77,389.65
1230,AM-2026-0009,2026-01-22,2026-01-24,Segunda Clase,CL-125,Patricio Alarcón,Corporativo,Portoviejo,Manabí,Costa,Suministros,Papelería,Carpetas manila x25,5,,70.94,-4.23,571.16
1231,AM-2026-0063,2026-03-08,2026-03-10,Estándar,CL-154,Gabriela Ponce,Consumidor,Guayaquil,Guayas,Costa,Suministros,Arte,Cinta adhesiva Scotch x6,7,0.2,94.08,1.69,255.71
1232,AM-2026-0332,2026-05-07,2026-05-14,Primera Clase,CL-169,Fabián Ortiz,Consumidor,Guayaquil,Guayas,Costa,Suministros,Arte,Cinta adhesiva Scotch x6,5,0.2,189.48,10.85,582.99
1233,AM-2026-0396,2025-10-01,2025-10-06,Segunda Clase,CL-134,Marta Aguirre,Corporativo,Tena,Napo,Amazonía,Tecnología,Copiadoras,Impresora HP Smart Tank 515,1,0.1,61.91,5.88,1179.23
1234,AM-2026-0037,2026-06-24,2026-06-26,Mismo Día,CL-117,Esteban Riofrío,PYME,Manta,Manabí,Costa,Suministros,Papelería,Resma papel A4 75g,4,0.2,45.38,4.03,247.1
1235,AM-2026-0071,2026-08-11,2026-08-13,Estándar,CL-143,Luis Zambrano,Corporativo,Quito,,Sierra,Mobiliario,Mesas,Mesa de reuniones 180cm,3,0.1,104.11,0.66,438.1
1236,AM-2026-0173,2026-05-10,2026-05-15,Mismo Día,CL-119,Óscar Bravo,Corporativo,Loja,Loja,Sierra,Tecnología,Teléfonos,Samsung Galaxy A15,2,,332.06,51.77,732.57
1237,AM-2026-0216,2026-06-25,2026-07-02,Estándar,,,Consumidor,Quito,Pichincha,Sierra,Suministros,Archivadores,Caja archivo x10,7,0.2,134.06,3.59,422.51
1238,AM-2026-0327,2025-12-27,2026-01-01,Primera Clase,,,Corporativo,Guayaquil,Guayas,Costa,Tecnología,Copiadoras,Copiadora Epson EcoTank L3250,1,0.3,16.32,-2.35,706.52
1239,AM-2026-0014,2025-10-24,2025-10-27,Segunda Clase,CL-165,Patricio Alarcón,PYME,Guayaquil,Guayas,Costa,Mobiliario,Sillas,Silla ejecutiva Ofix,3,,85.59,-1.93,821.93
1240,AM-2026-0238,2025-10-16,2025-10-21,Primera Clase,CL-153,Francisco Mera,PYME,Guayaquil,Guayas,Costa,Mobiliario,Libreros,Librero 5 repisas,2,0.0,13.92,4.16,1685.82
1241,AM-2026-0128,2025-11-06,2025-11-10,Estándar,CL-152,Paola Cárdenas,Corporativo,Cuenca,Azuay,Sierra,Suministros,Arte,Cinta adhesiva Scotch x6,3,0.0,28.74,3.74,636.82
1242,AM-2026-0226,2026-04-09,2026-04-13,Estándar,CL-163,Byron Toapanta,Consumidor,Quito,Pichincha,Sierra,Suministros,Arte,Marcadores Sharpie x12,7,0.1,277.33,34.83,1259.46
1243,AM-2026-0192,2026-02-10,2026-02-12,Estándar,CL-170,Karla Bustamante,Corporativo,Quito,Pichincha,Sierra,Suministros,Arte,Cinta adhesiva Scotch x6,4,0.0,93.24,19.76,476.65
1244,AM-2026-0279,2025-09-23,2025-09-28,Estándar,CL-154,Gabriela Ponce,Consumidor,Manta,Manabí,Costa,Mobiliario,Sillas,Silla ejecutiva Ofix,6,0.0,372.84,28.59,372.84
1245,AM-2026-0162,2026-01-05,2026-01-07,Estándar,CL-128,Elena Carrión,Corporativo,Manta,Manabí,Costa,Tecnología,Accesorios,Mouse Logitech M170,5,0.0,171.35,28.82,701.74
1246,AM-2026-0379,2025-12-27,2025-12-29,Segunda Clase,CL-170,Karla Bustamante,Corporativo,Portoviejo,Manabí,Costa,Tecnología,Teléfonos,Samsung Galaxy A15,6,,230.03,-24.53,230.03
1247,AM-2026-0013,2026-07-09,2026-07-10,Mismo Día,CL-149,Andrés Molina,Corporativo,Quito,Pichincha,Sierra,Suministros,Papelería,Cuaderno universitario Norma,1,0.1,8.76,2.83,288.26
1248,AM-2026-0153,2025-09-16,2025-09-23,Estándar,CL-151,Jorge Intriago,Consumidor,Cuenca,Azuay,Sierra,Suministros,Papelería,Resma papel A4 75g,6,0.2,158.5,5.49,426.96
1249,AM-2026-0322,2025-09-03,2025-09-07,Estándar,CL-113,Francisco Mera,Corporativo,Guayaquil,Guayas,Costa,Tecnología,Teléfonos,Xiaomi Redmi 13,5,0.0,59.05,9.51,468.67
1250,AM-2026-0409,2026-08-18,2026-08-25,Segunda Clase,CL-179,Héctor Anchundia,Corporativo,Guayaquil,Guayas,Costa,Mobiliario,Libreros,Librero 5 repisas,1,0.0,46.42,6.71,46.42
1251,AM-2026-0334,2026-03-10,2026-03-16,Mismo Día,CL-120,Tatiana Mendoza,PYME,Ambato,Tungurahua,Sierra,Mobiliario,Sillas,Silla plegable Rimax,5,0.2,589.28,-58.15,941.74
1252,AM-2026-0161,2025-12-20,2025-12-23,Segunda Clase,CL-165,Patricio Alarcón,PYME,Loja,Loja,Sierra,Mobiliario,Sillas,Silla plegable Rimax,5,0.0,161.55,14.52,187.65
1253,AM-2026-0093,2025-09-04,2025-09-11,Primera Clase,,,Consumidor,Guayaquil,Guayas,Costa,Mobiliario,Mesas,Escritorio en L Maderkit,1,0.1,65.53,1.25,442.63
1254,AM-2026-0012,2026-07-06,2026-07-07,Estándar,CL-158,Marcela Yépez,Corporativo,Quito,Pichincha,Sierra,Mobiliario,Mesas,Escritorio en L Maderkit,1,,58.38,-1.64,58.38
1255,AM-2026-0272,2026-03-14,2026-03-20,Primera Clase,CL-112,Paola Cárdenas,Consumidor,Guayaquil,Guayas,Costa,Mobiliario,Mesas,Mesa de reuniones 180cm,2,0.0,"$55,36",2.8,1232.39
1256,AM-2026-0107,2025-09-28,2025-10-01,Mismo Día,CL-135,Rodrigo Pinos,PYME,Ambato,Tungurahua,Sierra,Tecnología,Copiadoras,Impresora HP Smart Tank 515,1,0.0,10.58,4.5,613.7
1257,AM-2026-0097,2026-03-30,2026-03-31,Mismo Día,CL-130,Karla Bustamante,Consumidor,Quito,Pichincha,Sierra,Suministros,Arte,Cinta adhesiva Scotch x6,7,0.0,253.61,56.75,1069.38
1258,AM-2026-0214,2026-04-29,2026-05-04,Segunda Clase,CL-102,Ana Tituaña,PYME,Quito,Pichincha,Sierra,Mobiliario,Mesas,Escritorio en L Maderkit,7,,473.69,37.84,859.18
1259,AM-2026-0217,2025-10-29,2025-10-30,Mismo Día,CL-158,Marcela Yépez,Corporativo,Guayaquil,Guayas,Costa,Mobiliario,Sillas,Silla plegable Rimax,7,0.0,128.45,11.21,546.4
1260,AM-2026-0210,2026-06-17,2026-06-22,Estándar,CL-168,Elena Carrión,PYME,Quito,Pichincha,Sierra,Tecnología,Accesorios,Mouse Logitech M170,5,0.0,201.05,30.32,621.26
1261,AM-2026-0277,2026-05-23,2026-05-30,Mismo Día,CL-147,Diego Paredes,PYME,Quito,Pichincha,Sierra,Tecnología,Copiadoras,Impresora HP Smart Tank 515,2,,202.88,34.36,202.88
1262,AM-2026-0136,2026-04-15,2026-04-17,Segunda Clase,CL-144,Carmen Vélez,PYME,Quito,Pichincha,Sierra,Suministros,Arte,Marcadores Sharpie x12,6,0.0,247.68,51.65,653.13
1263,AM-2026-0040,2026-03-01,2026-03-06,Segunda Clase,CL-155,Ramiro Quishpe,Corporativo,Cuenca,Azuay,Sierra,Mobiliario,Sillas,Silla ejecutiva Ofix,4,0.0,98.16,4.97,334.61
1264,AM-2026-0122,2025-09-27,2025-10-04,Segunda Clase,CL-130,Karla Bustamante,Consumidor,Quito,Pichincha,Sierra,Suministros,Papelería,Cuaderno universitario Norma,3,0.0,17.22,5.26,1112.65
1265,AM-2026-0182,2026-08-17,2026-08-18,Primera Clase,CL-144,Carmen Vélez,PYME,Cuenca,Azuay,Sierra,Suministros,Archivadores,Archivador Leitz A-Z,2,0.2,126.0,5.77,148.28
1266,AM-2026-0258,2026-08-22,2026-08-29,Segunda Clase,CL-173,Wilson Chila,Corporativo,Portoviejo,Manabí,Costa,Suministros,Arte,Marcadores Sharpie x12,6,,144.27,-4.88,750.29
1267,AM-2026-0016,2025-12-09,2025-12-11,Estándar,CL-155,Ramiro Quishpe,Corporativo,Guayaquil,Guayas,Costa,Mobiliario,Mesas,Escritorio en L Maderkit,4,0.0,587.44,44.7,587.44
1268,AM-2026-0072,28/07/2026,01/08/2026,Primera Clase,CL-119,Óscar Bravo,Corporativo,Guayaquil,Guayas,Costa,Tecnología,Teléfonos,Xiaomi Redmi 13,4,0.0,47.52,8.79,142.48
1269,AM-2026-0007,2026-05-23,2026-05-24,Primera Clase,CL-177,Iván Sarango,PYME,Manta,Manabí,Costa,Suministros,Arte,Marcadores Sharpie x12,3,0.0,79.74,24.28,276.77
1270,AM-2026-0139,2025-12-03,2025-12-07,Mismo Día,CL-115,Ramiro Quishpe,Consumidor,Guayaquil,Guayas,Costa,Mobiliario,Sillas,Silla ejecutiva Ofix,6,0.2,37.25,-2.12,56.6
1271,AM-2026-0362,2025-09-14,2025-09-18,Estándar,CL-137,Iván Sarango,Corporativo,Cuenca,Azuay,Sierra,Mobiliario,Mesas,Escritorio en L Maderkit,1,0.2,15.58,1.42,498.49
1272,AM-2026-0378,14/09/2025,19/09/2025,Estándar,CL-156,Daniela Loor,PYME,Cuenca,Azuay,Sierra,Suministros,Arte,Cinta adhesiva Scotch x6,1,0.0,6.14,4.37,141.02
1273,AM-2026-0327,2025-12-27,2026-01-01,Primera Clase,CL-110,Verónica Cruz,Corporativo,Guayaquil,Guayas,Costa,Mobiliario,Sillas,Silla plegable Rimax,1,0.1,34.41,0.31,706.52
1274,AM-2026-0245,2025-12-16,2025-12-21,Mismo Día,CL-110,Verónica Cruz,Corporativo,Santo Domingo,Santo Domingo de los Tsáchilas,Costa,Suministros,Papelería,Carpetas manila x25,3,0.1,51.76,5.92,258.96
1275,AM-2026-0375,2025-10-20,2025-10-23,Primera Clase,CL-175,Rodrigo Pinos,Consumidor,Quito,Pichincha,Sierra,Suministros,Archivadores,Caja archivo x10,5,0.0,158.95,34.98,158.95
1276,AM-2026-0011,2025-10-25,2025-10-31,Mismo Día,CL-130,Karla Bustamante,Consumidor,Quito,Pichincha,Sierra,Suministros,Arte,Marcadores Sharpie x12,5,,88.65,17.97,235.53
1277,AM-2026-0259,2025-12-28,2026-01-01,Mismo Día,CL-163,Byron Toapanta,Consumidor,Loja,Loja,Sierra,Suministros,Arte,Cinta adhesiva Scotch x6,2,0.0,22.6,4.78,161.3
1278,AM-2026-0305,2026-06-04,2026-06-08,Estándar,CL-147,Diego Paredes,PYME,Cuenca,Azuay,Sierra,Tecnología,Copiadoras,Copiadora Epson EcoTank L3250,7,0.0,214.97,32.51,890.39
1279,AM-2026-0344,2026-06-30,2026-07-01,Estándar,CL-107,Diego Paredes,Corporativo,Guayaquil,Guayas,Costa,Mobiliario,Mesas,Escritorio en L Maderkit,6,,77.7,6.31,619.64
1280,AM-2026-0423,2026-01-11,2026-01-13,Estándar,,,Consumidor,Santo Domingo,Santo Domingo de los Tsáchilas,Costa,Suministros,Arte,Marcadores Sharpie x12,4,0.0,129.8,30.82,662.35
1281,AM-2026-0410,2026-05-19,2026-05-22,Estándar,CL-118,Marcela Yépez,Consumidor,Quito,Pichincha,Sierra,Mobiliario,Libreros,Estante metálico Beta,4,0.0,57.88,7.06,1147.11
1282,AM-2026-0195,2026-03-18,2026-03-23,Estándar,CL-160,Tatiana Mendoza,Consumidor,Ambato,Tungurahua,Sierra,Tecnología,Accesorios,Mouse Logitech M170,5,0.0,45.05,8.81,667.74
1283,AM-2026-0167,2025-10-09,2025-10-10,Estándar,CL-166,Nadia Reinoso,Consumidor,Guayaquil,Guayas,Costa,Suministros,Arte,Cinta adhesiva Scotch x6,7,0.0,127.68,29.11,640.96
1284,AM-2026-0309,2026-03-03,2026-03-10,Estándar,CL-118,Marcela Yépez,Consumidor,Quito,Pichincha,Sierra,Suministros,Archivadores,Archivador Leitz A-Z,7,0.0,227.85,50.26,568.74
1285,AM-2026-0124,2025-12-03,2025-12-04,Segunda Clase,CL-137,Iván Sarango,Corporativo,Quito,Pichincha,Sierra,Tecnología,Accesorios,Audífonos JBL Tune,2,0.0,57.88,7.99,535.64
1286,AM-2026-0412,2025-10-19,2025-10-21,Segunda Clase,CL-179,Héctor Anchundia,Corporativo,Quito,Pichincha,Sierra,Mobiliario,Sillas,Silla plegable Rimax,5,0.0,46.1,0.52,299.27
1287,AM-2026-0251,2026-06-03,2026-06-06,Mismo Día,CL-129,Fabián Ortiz,PYME,Portoviejo,Manabí,Costa,Mobiliario,Libreros,Estante metálico Beta,1,0.0,18.44,2.2,148.83
1288,AM-2026-0033,2026-02-28,2026-03-04,Segunda Clase,CL-161,Hernán Cobo,Corporativo,Quito,Pichincha,Sierra,Suministros,Archivadores,Archivador Leitz A-Z,7,0.3,563.01,-26.84,918.1
1289,AM-2026-0385,2025-12-02,2025-12-05,Segunda Clase,CL-158,Marcela Yépez,Corporativo,Manta,Manabí,Costa,Suministros,Archivadores,Archivador Leitz A-Z,2,0.1,21.2,4.18,82.45
1290,AM-2026-0264,2025-09-29,2025-10-04,Primera Clase,CL-170,Karla Bustamante,Corporativo,Manta,Manabí,Costa,Suministros,Papelería,Cuaderno universitario Norma,6,,301.15,12.07,476.55
1291,AM-2026-0248,2026-07-15,2026-07-21,Mismo Día,CL-121,Hernán Cobo,Consumidor,Loja,Loja,Sierra,Tecnología,Copiadoras,Copiadora Epson EcoTank L3250,4,0.1,80.71,4.8,571.7
1292,AM-2026-0099,2025-11-03,2025-11-10,Segunda Clase,CL-174,Marta Aguirre,PYME,Loja,Loja,Sierra,Suministros,Archivadores,Caja archivo x10,6,0.0,198.54,43.37,283.66
1293,AM-2026-0253,2025-12-12,2025-12-19,Primera Clase,CL-112,Paola Cárdenas,Consumidor,Guayaquil,Guayas,Costa,Tecnología,Teléfonos,Teléfono Nokia C32,5,0.0,53.65,7.76,174.79
1294,AM-2026-0203,2026-02-22,2026-03-01,Estándar,CL-177,Iván Sarango,PYME,Cuenca,,Sierra,Suministros,Archivadores,Archivador Leitz A-Z,3,0.0,36.54,7.54,248.58
1295,AM-2026-0216,2026-06-25,2026-07-02,Estándar,CL-157,Esteban Riofrío,Consumidor,Quito,Pichincha,Sierra,Mobiliario,Sillas,Silla ejecutiva Ofix,5,0.0,101.65,10.6,422.51
1296,AM-2026-0138,2026-07-03,2026-07-08,Mismo Día,CL-160,Tatiana Mendoza,Consumidor,Quito,Pichincha,Sierra,Mobiliario,Libreros,Librero 5 repisas,3,0.0,43.83,3.7,257.8
1297,AM-2026-0093,2025-09-04,2025-09-11,Primera Clase,CL-124,Sofía Arteaga,Consumidor,Guayaquil,Guayas,Costa,Suministros,Archivadores,Caja archivo x10,5,0.0,234.9,52.0,442.63
1298,AM-2026-0312,2026-06-26,2026-06-27,Estándar,CL-163,Byron Toapanta,Consumidor,Ambato,,Sierra,Suministros,Archivadores,Caja archivo x10,1,,86.45,18.56,483.37
1299,AM-2026-0359,2026-06-04,2026-06-09,Mismo Día,CL-168,Elena Carrión,PYME,Guayaquil,Guayas,Costa,Suministros,Arte,Cinta adhesiva Scotch x6,7,0.1,699.3,91.78,1508.15
1300,AM-2026-0401,2026-03-03,2026-03-08,Primera Clase,CL-142,Ana Tituaña,Consumidor,Ambato,Tungurahua,Sierra,Mobiliario,Libreros,Librero 5 repisas,5,,40.45,2.3,368.09
1301,AM-2026-0381,2026-03-17,2026-03-22,Mismo Día,CL-161,Hernán Cobo,Corporativo,Machala,El Oro,Costa,Suministros,Papelería,Carpetas manila x25,3,0.0,53.37,14.18,806.45
1302,AM-2026-0173,2026-05-10,2026-05-15,Mismo Día,CL-119,Óscar Bravo,Corporativo,Loja,Loja,Sierra,Suministros,Archivadores,Archivador Leitz A-Z,4,0.1,106.81,12.01,732.57
1303,AM-2026-0255,2025-09-16,2025-09-17,Primera Clase,CL-142,Ana Tituaña,Consumidor,Machala,El Oro,Costa,Suministros,Archivadores,Caja archivo x10,7,0.0,167.93,35.31,956.74
1304,AM-2026-0189,2025-12-28,2026-01-02,Segunda Clase,CL-173,Wilson Chila,Corporativo,Loja,Loja,Sierra,Mobiliario,Mesas,Escritorio en L Maderkit,6,0.1,198.77,-3.95,482.8
1305,AM-2026-0072,2026-07-28,2026-08-01,Primera Clase,CL-119,Óscar Bravo,Corporativo,Guayaquil,Guayas,Costa,Mobiliario,Libreros,Librero 5 repisas,5,0.3,"$69,86",-12.83,142.48
1306,AM-2026-0108,2026-04-22,2026-04-24,Primera Clase,CL-138,Belén Cornejo,PYME,Quito,Pichincha,Sierra,Mobiliario,Mesas,Mesa de reuniones 180cm,6,,450.3,32.96,450.3
1307,AM-2026-0102,2026-05-22,2026-05-24,Estándar,CL-110,Verónica Cruz,Corporativo,Portoviejo,Manabí,Costa,Tecnología,Teléfonos,Xiaomi Redmi 13,5,0.3,223.75,-23.89,507.24
1308,AM-2026-0400,2026-06-13,2026-06-20,Estándar,SIN-ID,,PYME,Quito,Pichincha,Sierra,Tecnología,Copiadoras,Impresora HP Smart Tank 515,5,0.0,226.9,38.02,411.21
1309,AM-2026-0253,2025-12-12,2025-12-19,Primera Clase,CL-112,Paola Cárdenas,Consumidor,Guayaquil,Guayas,Costa,Mobiliario,Mesas,Escritorio en L Maderkit,5,0.1,62.82,-1.72,174.79
1310,AM-2026-0371,2026-01-16,2026-01-18,Segunda Clase,CL-159,Óscar Bravo,PYME,Cuenca,Azuay,Sierra,Tecnología,Teléfonos,Xiaomi Redmi 13,5,0.2,195.8,-3.86,476.34
1311,AM-2026-0315,2025-11-23,2025-11-28,Mismo Día,CL-122,Ivonne Macías,Corporativo,Guayaquil,Guayas,Costa,Mobiliario,Mesas,Mesa de reuniones 180cm,2,0.1,49.59,-0.28,118.09
1312,AM-2026-0067,2025-11-14,2025-11-17,Estándar,CL-135,Rodrigo Pinos,PYME,Quito,Pichincha,Sierra,Suministros,Papelería,Cuaderno universitario Norma,2,,17.15,-0.07,899.76
1313,AM-2026-0385,2025-12-02,2025-12-05,Segunda Clase,CL-158,Marcela Yépez,Corporativo,Manta,Manabí,Costa,Mobiliario,Mesas,Mesa de reuniones 180cm,1,,61.25,-2.28,82.45
1314,AM-2026-0350,2026-07-07,2026-07-12,Mismo Día,CL-171,Milton Cajas,PYME,Manta,Manabí,Costa,Suministros,Archivadores,Archivador Leitz A-Z,5,0.0,105.8,27.56,1029.72
1315,AM-2026-0340,2025-12-30,2025-12-31,Mismo Día,CL-123,Byron Toapanta,PYME,Quito,Pichincha,Sierra,Mobiliario,Mesas,Escritorio en L Maderkit,7,,259.07,17.83,659.81
1316,AM-2026-0090,2026-02-01,2026-02-03,Segunda Clase,CL-133,Wilson Chila,Consumidor,Quito,Pichincha,Sierra,Suministros,Papelería,Cuaderno universitario Norma,1,0.0,28.5,4.69,112.92
1317,AM-2026-0271,2025-12-12,2025-12-13,Estándar,CL-123,Byron Toapanta,PYME,Quito,Pichincha,Sierra,Suministros,Arte,Cinta adhesiva Scotch x6,4,,221.56,50.11,312.19
1318,AM-2026-0360,2026-04-12,2026-04-18,Mismo Día,CL-104,Carmen Vélez,Corporativo,Tena,Napo,Amazonía,Tecnología,Accesorios,Audífonos JBL Tune,7,0.0,376.67,61.68,1007.18
1319,AM-2026-0311,2025-12-18,2025-12-22,Segunda Clase,CL-157,Esteban Riofrío,Consumidor,Santo Domingo,Santo Domingo de los Tsáchilas,Costa,Mobiliario,Sillas,Silla ejecutiva Ofix,5,0.2,21.44,-2.34,287.15
1320,AM-2026-0136,2026-04-15,2026-04-17,Segunda Clase,CL-144,Carmen Vélez,PYME,Quito,Pichincha,Sierra,Tecnología,Accesorios,Cargador Anker 20W,1,0.0,14.63,-2.56,653.13
1321,AM-2026-0358,2026-08-18,2026-08-24,Mismo Día,CL-111,Jorge Intriago,PYME,Sto. Domingo,Santo Domingo de los Tsáchilas,Costa,Tecnología,Teléfonos,Samsung Galaxy A15,2,0.0,12.44,3.79,301.84
1322,AM-2026-0393,2026-02-09,2026-02-12,Segunda Clase,CL-148,Rosa Chiriboga,Consumidor,Guayaquil,Guayas,Costa,Mobiliario,Libreros,Estante metálico Beta,3,,37.8,3.34,161.19
1323,AM-2026-0301,2025-10-25,2025-10-29,Estándar,CL-170,Karla Bustamante,Corporativo,Tena,Napo,Amazonía,Tecnología,Teléfonos,Xiaomi Redmi 13,3,0.0,207.66,35.68,293.35
1324,AM-2026-0243,2026-03-10,2026-03-15,Estándar,CL-164,Sofía Arteaga,Corporativo,Guayaquil,Guayas,Costa,Tecnología,Accesorios,Teclado Genius KB-100,5,0.1,"$43,38",3.03,813.08
1325,AM-2026-0190,2026-07-21,2026-07-25,Estándar,CL-124,Sofía Arteaga,Consumidor,Ambato,Tungurahua,Sierra,Mobiliario,Sillas,Silla ejecutiva Ofix,6,0.0,261.6,20.1,627.51
1326,AM-2026-0126,2025-09-12,2025-09-16,Primera Clase,CL-111,Jorge Intriago,PYME,Guayaquil,Guayas,Costa,Mobiliario,Sillas,Silla ejecutiva Ofix,1,0.0,22.22,3.0,390.27
1327,AM-2026-0119,2026-08-05,2026-08-06,Mismo Día,,,Corporativo,Santo Domingo,Santo Domingo de los Tsáchilas,Costa,Tecnología,Accesorios,Teclado Genius KB-100,1,0.0,240.57,38.57,449.57
1328,AM-2026-0186,2026-05-22,2026-05-24,Mismo Día,CL-124,Sofía Arteaga,Consumidor,Manta,Manabí,Costa,Suministros,Papelería,Resma papel A4 75g,5,0.3,84.66,-6.1,454.89
1329,AM-2026-0398,2026-04-02,2026-04-08,Estándar,CL-159,Óscar Bravo,PYME,Sto. Domingo,Santo Domingo de los Tsáchilas,Costa,Suministros,Archivadores,Caja archivo x10,1,,22.51,4.25,22.51
1330,AM-2026-0305,2026-06-04,2026-06-08,Estándar,CL-147,Diego Paredes,PYME,Cuenca,Azuay,Sierra,Suministros,Papelería,Resma papel A4 75g,5,0.0,61.1,13.39,890.39
1331,AM-2026-0078,2026-05-26,2026-06-01,Mismo Día,CL-120,Tatiana Mendoza,PYME,Santo Domingo,Santo Domingo de los Tsáchilas,Costa,Suministros,Papelería,Resma papel A4 75g,5,,"$76,10",16.67,98.82
1332,AM-2026-0175,2026-08-16,2026-08-21,Mismo Día,CL-165,Patricio Alarcón,PYME,Cuenca,Azuay,Sierra,Tecnología,Teléfonos,Teléfono Nokia C32,1,0.0,17.45,1.24,275.61
1333,AM-2026-0186,2026-05-22,2026-05-24,Mismo Día,CL-124,Sofía Arteaga,Consumidor,Manta,Manabí,Costa,Mobiliario,Sillas,Silla plegable Rimax,1,0.0,8.84,1.51,454.89
1334,AM-2026-0402,2026-07-02,2026-07-05,Primera Clase,CL-166,Nadia Reinoso,Consumidor,Loja,Loja,Sierra,Suministros,Papelería,Cuaderno universitario Norma,1,,36.44,10.93,178.27
1335,AM-2026-0064,2025-09-25,2025-09-30,Primera Clase,CL-179,Héctor Anchundia,Corporativo,Guayaquil,Guayas,Costa,Mobiliario,Mesas,Mesa de reuniones 180cm,3,0.2,73.7,-10.52,884.01
